"","Company","SpecificBeanOrigin_BarName","REF","Review_Date","Cocoa_Percent","Company_Location","Rating","Bean_Type","Broad.Bean_Origin","bean_type_simplified"
"1","A. Morin","Carenero",1315,2014,"70%","France",2.75,"Criollo","Venezuela","Criollo"
"2","A. Morin","Sur del Lago",1315,2014,"70%","France",3.5,"Criollo","Venezuela","Criollo"
"3","A. Morin","Puerto Cabello",1319,2014,"70%","France",3.75,"Criollo","Venezuela","Criollo"
"4","A. Morin","Madagascar",1011,2013,"70%","France",3,"Criollo","Madagascar","Criollo"
"5","A. Morin","Chuao",1015,2013,"70%","France",4,"Trinitario","Venezuela","Trinitario"
"6","Acalli","Tumbes, Norandino",1470,2015,"70%","U.S.A.",3.75,"Criollo","Peru","Criollo"
"7","Adi","Vanua Levu",705,2011,"60%","Fiji",2.75,"Trinitario","Fiji","Trinitario"
"8","Adi","Vanua Levu, Toto-A",705,2011,"80%","Fiji",3.25,"Trinitario","Fiji","Trinitario"
"9","Adi","Vanua Levu",705,2011,"88%","Fiji",3.5,"Trinitario","Fiji","Trinitario"
"10","Adi","Vanua Levu, Ami-Ami-CA",705,2011,"72%","Fiji",3.5,"Trinitario","Fiji","Trinitario"
"11","Aequare (Gianduja)","Los Rios, Quevedo, Arriba",370,2009,"55%","Ecuador",2.75,"Forastero","Ecuador","Forastero"
"12","Aequare (Gianduja)","Los Rios, Quevedo, Arriba",370,2009,"70%","Ecuador",3,"Forastero","Ecuador","Forastero"
"13","Ah Cacao","Tabasco",316,2009,"70%","Mexico",3,"Criollo","Mexico","Criollo"
"14","Akesson's (Pralus)","Bali (west), Sukrama Family, Melaya area",636,2011,"75%","Switzerland",3.75,"Trinitario","Indonesia","Trinitario"
"15","Akesson's (Pralus)","Madagascar, Ambolikapiky P.",502,2010,"75%","Switzerland",2.75,"Criollo","Madagascar","Criollo"
"16","Akesson's (Pralus)","Monte Alegre, D. Badero",508,2010,"75%","Switzerland",2.75,"Forastero","Brazil","Forastero"
"17","Alain Ducasse","Trinite",1215,2014,"65%","France",2.75,"Trinitario","Trinidad","Trinitario"
"18","Alain Ducasse","Vietnam",1215,2014,"75%","France",2.75,"Trinitario","Vietnam","Trinitario"
"19","Alain Ducasse","Madagascar",1215,2014,"75%","France",3,"Trinitario","Madagascar","Trinitario"
"20","Alain Ducasse","Chuao",1061,2013,"75%","France",2.5,"Trinitario","Venezuela","Trinitario"
"21","Alexandre","Winak Coop, Napo",1944,2017,"70%","Netherlands",3.5,"Forastero","Ecuador","Forastero"
"22","Alexandre","La Dalia, Matagalpa",1944,2017,"70%","Netherlands",3.5,"Criollo","Nicaragua","Criollo"
"23","Alexandre","Tien Giang",1944,2017,"70%","Netherlands",3.5,"Trinitario","Vietnam","Trinitario"
"24","Alexandre","Makwale Village, Kyela",1944,2017,"70%","Netherlands",3.5,"Forastero","Tanzania","Forastero"
"25","Altus aka Cao Artisan","Conacado",1125,2013,"60%","U.S.A.",3,"Trinitario","Dominican Republic","Trinitario"
"26","Amano","Chuao",544,2010,"70%","U.S.A.",3,"Trinitario","Venezuela","Trinitario"
"27","Amano","Madagascar",129,2007,"70%","U.S.A.",3.5,"Trinitario","Madagascar","Trinitario"
"28","Amano","Ocumare",175,2007,"70%","U.S.A.",3.75,"Criollo","Venezuela","Criollo"
"29","Amatller (Simon Coll)","Ghana",322,2009,"70%","Spain",3,"Forastero","Ghana","Forastero"
"30","Amatller (Simon Coll)","Ghana",464,2009,"85%","Spain",3,"Forastero","Ghana","Forastero"
"31","Amazona","Bellavista Gran Pajeten, San Martin",1145,2013,"73%","Peru",3.5,"Trinitario","Peru","Trinitario"
"32","Ambrosia","Belize",1494,2015,"64%","Canada",3,"Trinitario","Belize","Trinitario"
"33","Ambrosia","Madagascar",1494,2015,"66%","Canada",3.25,"Trinitario","Madagascar","Trinitario"
"34","Amedei","Porcelana",111,2007,"70%","Italy",4,"Criollo","Venezuela","Criollo"
"35","Amedei","Nine",111,2007,"75%","Italy",4,"Blend"," ","Blend"
"36","Amedei","Chuao",111,2007,"70%","Italy",5,"Trinitario","Venezuela","Trinitario"
"37","Amedei","Ecuador",123,2007,"70%","Italy",3,"Trinitario","Ecuador","Trinitario"
"38","Amedei","Jamaica",123,2007,"70%","Italy",3,"Trinitario","Jamaica","Trinitario"
"39","Amedei","Grenada",123,2007,"70%","Italy",3.5,"Trinitario","Grenada","Trinitario"
"40","Amedei","Venezuela",123,2007,"70%","Italy",3.75,"Trinitario","Venezuela","Trinitario"
"41","Amedei","Madagascar",123,2007,"70%","Italy",4,"Trinitario","Madagascar","Trinitario"
"42","Amedei","Trinidad",129,2007,"70%","Italy",3.5,"Trinitario","Trinidad","Trinitario"
"43","Amedei","Toscano Black",170,2007,"63%","Italy",3.5,"Blend"," ","Blend"
"44","Amedei","Toscano Black",40,2006,"70%","Italy",5,"Blend"," ","Blend"
"45","Amedei","Toscano Black",75,2006,"66%","Italy",4,"Blend"," ","Blend"
"46","AMMA","Catongo",1065,2013,"75%","Brazil",3.25,"Forastero","Brazil","Forastero"
"47","AMMA","Monte Alegre, 3 diff. plantations",572,2010,"85%","Brazil",2.75,"Forastero","Brazil","Forastero"
"48","AMMA","Monte Alegre, 3 diff. plantations",572,2010,"50%","Brazil",3.75,"Forastero","Brazil","Forastero"
"49","AMMA","Monte Alegre, 3 diff. plantations",572,2010,"75%","Brazil",3.75,"Forastero","Brazil","Forastero"
"50","AMMA","Monte Alegre, 3 diff. plantations",572,2010,"60%","Brazil",4,"Forastero","Brazil","Forastero"
"51","Ara","Madagascar",1375,2014,"75%","France",3,"Trinitario","Madagascar","Trinitario"
"52","Arete","San Juan",1724,2016,"70%","U.S.A.",3.5,"Trinitario","Trinidad","Trinitario"
"53","Arete","Tien Giang",1900,2016,"73%","U.S.A.",3.5,"Trinitario","Vietnam","Trinitario"
"54","Arete","Phantom",1924,2016,"70%","U.S.A.",4,"Forastero","Peru","Forastero"
"55","Arete","Nacional",1534,2015,"68%","U.S.A.",3.5,"Forastero","Peru","Forastero"
"56","Arete","Puerto Quito, heirloom",1534,2015,"70%","U.S.A.",3.75,"Forastero","Ecuador","Forastero"
"57","Arete","Maya Mountain",1598,2015,"70%","U.S.A.",3.75,"Trinitario","Belize","Trinitario"
"58","Arete","Chuno",1598,2015,"70%","U.S.A.",4,"Criollo","Nicaragua","Criollo"
"59","Artisan du Chocolat","Trinidad, Heritage, Limited ed.",1193,2013,"72%","U.K.",3.25,"Trinitario","Trinidad","Trinitario"
"60","Artisan du Chocolat","Jamaica",531,2010,"72%","U.K.",3.75,"Trinitario","Jamaica","Trinitario"
"61","Artisan du Chocolat","Ba Ria Vung Tau Province",600,2010,"72%","U.K.",3.25,"Trinitario","Vietnam","Trinitario"
"62","Artisan du Chocolat","Ocumare, Venezuela",355,2009,"75%","U.K.",2.5,"Criollo","Venezuela","Criollo"
"63","Artisan du Chocolat","Java",355,2009,"72%","U.K.",2.75,"Trinitario","Indonesia","Trinitario"
"64","Artisan du Chocolat","Madagascar",363,2009,"80%","U.K.",3,"Criollo","Madagascar","Criollo"
"65","Artisan du Chocolat","Peru",363,2009,"75%","U.K.",3,"Criollo","Peru","Criollo"
"66","Artisan du Chocolat","Dominican Republic",363,2009,"72%","U.K.",3.25,"Trinitario","Dominican Republic","Trinitario"
"67","Artisan du Chocolat","Congo",300,2008,"72%","U.K.",3.75,"Forastero","Congo","Forastero"
"68","Artisan du Chocolat (Casa Luker)","Orinoqua Region, Arauca",1181,2013,"72%","U.K.",2.75,"Trinitario","Colombia","Trinitario"
"69","Askinosie","Mababa",1780,2016,"68%","U.S.A.",3.75,"Trinitario","Tanzania","Trinitario"
"70","Askinosie","Tenende, Uwate",647,2011,"72%","U.S.A.",3.75,"Trinitario","Tanzania","Trinitario"
"71","Askinosie","Cortes",661,2011,"70%","U.S.A.",3.75,"Trinitario","Honduras","Trinitario"
"72","Askinosie","Davao",331,2009,"77%","U.S.A.",3.75,"Trinitario","Philippines","Trinitario"
"73","Askinosie","Xoconusco",141,2007,"75%","U.S.A.",2.5,"Trinitario","Mexico","Trinitario"
"74","Askinosie","San Jose del Tambo",175,2007,"70%","U.S.A.",3,"Forastero","Ecuador","Forastero"
"75","Bahen & Co.","Sambirano",995,2012,"70%","Australia",3,"Trinitario","Madagascar","Trinitario"
"76","Bahen & Co.","Houseblend",999,2012,"70%","Australia",2.5,"Blend"," ","Blend"
"77","Bar Au Chocolat","Maranon Canyon",1295,2014,"70%","U.S.A.",4,"Forastero","Peru","Forastero"
"78","Bar Au Chocolat","Sambirano",983,2012,"70%","U.S.A.",3.75,"Trinitario","Madagascar","Trinitario"
"79","Bellflower","Kakao Kamili, Kilombero Valley",1800,2016,"70%","U.S.A.",3.5,"Criollo","Tanzania","Criollo"
"80","Belyzium","Belize south, low fermentation",1768,2016,"83%","Germany",2.75,"Trinitario","Belize","Trinitario"
"81","Belyzium","Belize south",1768,2016,"78%","Germany",3,"Trinitario","Belize","Trinitario"
"82","Belyzium","Belize south",1768,2016,"83%","Germany",3.5,"Trinitario","Belize","Trinitario"
"83","Benoit Nihant","Baracoa",1141,2013,"74%","Belgium",3.5,"Trinitario","Cuba","Trinitario"
"84","Benoit Nihant","Chuao",1141,2013,"74%","Belgium",3.5,"Criollo","Venezuela","Criollo"
"85","Benoit Nihant","Cuyagua Village",1141,2013,"74%","Belgium",3.5,"Criollo","Venezuela","Criollo"
"86","Benoit Nihant","Rio Peripa H.",1141,2013,"73%","Belgium",4,"Trinitario","Ecuador","Trinitario"
"87","Benoit Nihant","Bali, Sukrama Bros. Farm, Melaya, 62hr C",757,2011,"72%","Belgium",4,"Trinitario","Indonesia","Trinitario"
"88","Benoit Nihant","Somia Plantation, Sambirano, 70hr C",773,2011,"72%","Belgium",3.75,"Trinitario","Madagascar","Trinitario"
"89","Beschle (Felchlin)","Madagascar",636,2011,"64%","Switzerland",3,"Trinitario","Madagascar","Trinitario"
"90","Beschle (Felchlin)","Maracaibo",636,2011,"88%","Switzerland",3,"Criollo","Venezuela","Criollo"
"91","Beschle (Felchlin)","Carenero S., Barlovento, Grand Cru",508,2010,"70%","Switzerland",3.25,"Trinitario","Venezuela","Trinitario"
"92","Beschle (Felchlin)","Porcelana, Premier Cru, Quizas No. 1",508,2010,"74%","Switzerland",3.25,"Criollo","Venezuela","Criollo"
"93","Bisou","Belize",1486,2015,"86%","U.S.A.",3.25,"Trinitario","Belize","Trinitario"
"94","Bittersweet Origins","Ghana",963,2012,"72%","U.S.A.",3.5,"Forastero","Ghana","Forastero"
"95","Bittersweet Origins","2009 Hapa Nibby",502,2010,"70%","U.S.A.",3.75,"Blend","Dominican Rep., Bali","Blend"
"96","Bittersweet Origins","Sambirano, 2009",565,2010,"70%","U.S.A.",3,"Trinitario","Madagascar","Trinitario"
"97","Bittersweet Origins","Ocumare, prototype",565,2010,"78%","U.S.A.",3,"Criollo","Venezuela","Criollo"
"98","Bittersweet Origins","Sambirano",423,2009,"75%","U.S.A.",3.25,"Trinitario","Madagascar","Trinitario"
"99","Bittersweet Origins","Sambirano",431,2009,"65%","U.S.A.",3.5,"Trinitario","Madagascar","Trinitario"
"100","Bittersweet Origins","Sambirano",233,2008,"71%","U.S.A.",3,"Trinitario","Madagascar","Trinitario"
"101","Bittersweet Origins","Ankasa",256,2008,"70%","U.S.A.",3,"Forastero","Ghana","Forastero"
"102","Black Mountain","Carenero Superior",256,2008,"70%","U.S.A.",2.75,"Trinitario","Venezuela","Trinitario"
"103","Black River (A. Morin)","Blue Mountain Region",1331,2014,"70%","U.K.",2.75,"Trinitario","Jamaica","Trinitario"
"104","Blanxart","Congo, Grand Cru",1046,2013,"82%","Spain",3.5,"Forastero","Congo","Forastero"
"105","Blue Bandana","Akesson's E., Sambirano V.",1740,2016,"82%","U.S.A.",3.5,"Trinitario","Madagascar","Trinitario"
"106","Blue Bandana","Madagascar",911,2012,"70%","U.S.A.",3.75,"Trinitario","Madagascar","Trinitario"
"107","Bonnat","Cuba",629,2011,"75%","France",3.5,"Trinitario","Cuba","Trinitario"
"108","Bonnat","Piura Blanco",629,2011,"75%","France",3.5,"Forastero","Peru","Forastero"
"109","Bonnat","Madagascar, 100% criollo",629,2011,"75%","France",4,"Criollo","Madagascar","Criollo"
"110","Bonnat","Jamaique",761,2011,"75%","France",3.25,"Trinitario","Jamaica","Trinitario"
"111","Bonnat","Porcelana, Apotequil",336,2009,"75%","France",2.75,"Criollo","Peru","Criollo"
"112","Bonnat","Porcelana, Tabasco, Marfil de Blanco",336,2009,"75%","France",3,"Criollo","Mexico","Criollo"
"113","Bonnat","Xoconusco, cacao Real",395,2009,"75%","France",3,"Criollo","Mexico","Criollo"
"114","Bonnat","Porcelana, Venezuela",199,2008,"75%","France",4,"Criollo","Venezuela","Criollo"
"115","Bonnat","Equateur",123,2007,"75%","France",2.5,"Forastero","Ecuador","Forastero"
"116","Bonnat","Trinite",24,2006,"75%","France",3.75,"Trinitario","Carribean","Trinitario"
"117","Bonnat","Maracaibo, El Rosario",48,2006,"75%","France",4,"Criollo","Venezuela","Criollo"
"118","Bonnat","Madagascar",75,2006,"75%","France",4,"Trinitario","Madagascar","Trinitario"
"119","Bonnat","Chuao",81,2006,"75%","France",4,"Trinitario","Venezuela","Trinitario"
"120","Bouga Cacao (Tulicorp)","El Oro, Hacienda de Oro",316,2009,"77%","Ecuador",3.25,"Forastero","Ecuador","Forastero"
"121","Bouga Cacao (Tulicorp)","El Oro, Hacienda de Oro",341,2009,"100%","Ecuador",1.5,"Forastero","Ecuador","Forastero"
"122","Bowler Man","Maya Mountain",1267,2014,"70%","U.S.A.",2.75,"Trinitario","Belize","Trinitario"
"123","Brasstown aka It's Chocolate","Guasare, Zulia Prov.",1868,2016,"70%","U.S.A.",3.5,"Criollo","Venezuela","Criollo"
"124","Brasstown aka It's Chocolate","Maya Mountain",1255,2014,"70%","U.S.A.",3.75,"Trinitario","Belize","Trinitario"
"125","Brasstown aka It's Chocolate","Chuao",1355,2014,"70%","U.S.A.",4,"Trinitario","Venezuela","Trinitario"
"126","Brasstown aka It's Chocolate","Cooproagro",1125,2013,"72%","U.S.A.",3,"Trinitario","Dominican Republic","Trinitario"
"127","Brasstown aka It's Chocolate","Ghana",1129,2013,"75%","U.S.A.",3.5,"Forastero","Ghana","Forastero"
"128","Brasstown aka It's Chocolate","Chuao, Mantuano blend",1129,2013,"85%","U.S.A.",3.5,"Trinitario","Venezuela","Trinitario"
"129","Brazen","Maya Mountain",1518,2015,"80%","U.S.A.",3.25,"Trinitario","Belize","Trinitario"
"130","Breeze Mill","Jamaica",1149,2013,"70%","U.S.A.",3,"Trinitario","Jamaica","Trinitario"
"131","Bright","Somia Plantation",1231,2014,"72%","Australia",3,"Trinitario","Madagascar","Trinitario"
"132","Bright","Gran Couva",1235,2014,"68%","Australia",2.75,"Trinitario","Trinidad","Trinitario"
"133","Burnt Fork Bend","Trinidad",1299,2014,"72%","U.S.A.",3.25,"Trinitario","Trinidad","Trinitario"
"134","Burnt Fork Bend","Belize",1303,2014,"72%","U.S.A.",3.25,"Trinitario","Belize","Trinitario"
"135","Burnt Fork Bend","Blend",1303,2014,"72%","U.S.A.",3.25,"Blend"," ","Blend"
"136","Cacao Atlanta","Tumbes",1215,2014,"75%","U.S.A.",2.5,"Criollo","Peru","Criollo"
"137","Cacao Barry","Grand 'Anse",1716,2016,"65%","France",3.5,"Trinitario","Haiti","Trinitario"
"138","Cacao de Origen","Chuao",1688,2015,"77%","Venezuela",3.5,"Trinitario","Venezuela","Trinitario"
"139","Cacao de Origen","Rio Caribe",1692,2015,"75%","Venezuela",3.25,"Trinitario","Venezuela","Trinitario"
"140","Cacao de Origen","Chuao, Aragua region",1391,2014,"75%","Venezuela",3.5,"Trinitario","Venezuela","Trinitario"
"141","Cacao de Origen","Chuao, Aragua region",1395,2014,"70%","Venezuela",3.75,"Trinitario","Venezuela","Trinitario"
"142","Cacao Market","Jutiapa, lot 050916D",1860,2016,"70%","U.S.A.",3.5,"Trinitario","Honduras","Trinitario"
"143","Cacao Prieto","Criollo, Dominican Republic",991,2012,"72%","U.S.A.",3.75,"Criollo","Dominican Republic","Criollo"
"144","Cacao Sampaka","Mahali, Kasai",1908,2016,"70%","Spain",3.5,"Criollo","Congo","Criollo"
"145","Cacao Sampaka","Madagascar",508,2010,"71%","Spain",3.5,"Trinitario","Madagascar","Trinitario"
"146","Cacao Sampaka","Grenada",537,2010,"71%","Spain",3.25,"Trinitario","Grenada","Trinitario"
"147","Cacao Sampaka","Porcelana, Tabasco, La Joya",336,2009,"70%","Spain",4,"Criollo","Mexico","Criollo"
"148","Cacao Sampaka","Xoconusco, Chiapas",346,2009,"70%","Spain",4,"Criollo","Mexico","Criollo"
"149","Cacao Store","Madagascar",1684,2015,"70%","Japan",3,"Trinitario","Madagascar","Trinitario"
"150","Cacao Store","Vietnam",1684,2015,"70%","Japan",3.5,"Trinitario","Vietnam","Trinitario"
"151","Cacaoyere (Ecuatoriana)","Amazonia",237,2008,"63%","Ecuador",3.5,"Forastero","Ecuador","Forastero"
"152","Cacaoyere (Ecuatoriana)","Esmeraldas",237,2008,"71%","Ecuador",3.5,"Forastero","Ecuador","Forastero"
"153","Cacaoyere (Ecuatoriana)","Bolivar",245,2008,"82%","Ecuador",2.5,"Forastero","Ecuador","Forastero"
"154","Cacaoyere (Ecuatoriana)","Pichincha",259,2008,"91%","Ecuador",1.5,"Forastero","Ecuador","Forastero"
"155","Callebaut","Grenade",296,2008,"60%","Belgium",2.75,"Trinitario","Grenada","Trinitario"
"156","C-Amaro","Lago di Como, Blu",1442,2014,"70%","Italy",3.5,"Blend"," ","Blend"
"157","C-Amaro","Sao Tome",749,2011,"78%","Italy",2.25,"Forastero","Sao Tome","Forastero"
"158","C-Amaro","Trinidad",765,2011,"70%","Italy",2.5,"Trinitario","Trinidad","Trinitario"
"159","Cao","Porcelana",1804,2016,"75%","U.S.A.",2.5,"Criollo","Venezuela","Criollo"
"160","Cao","Porcelana, Batch 5163",1804,2016,"70%","U.S.A.",3,"Criollo","Venezuela","Criollo"
"161","Cao","Brazil",1808,2016,"70%","U.S.A.",3.25,"Trinitario","Brazil","Trinitario"
"162","Caoni (Tulicorp)","Esmeraldas",237,2008,"77%","Ecuador",2,"Forastero","Ecuador","Forastero"
"163","Caoni (Tulicorp)","Manabi",237,2008,"77%","Ecuador",2.5,"Forastero","Ecuador","Forastero"
"164","Caoni (Tulicorp)","Los Rios",245,2008,"77%","Ecuador",2.75,"Forastero","Ecuador","Forastero"
"165","Caoni (Tulicorp)","Manabi",266,2008,"55%","Ecuador",3,"Forastero","Ecuador","Forastero"
"166","Caoni (Tulicorp)","Los Rios",269,2008,"55%","Ecuador",3.25,"Forastero","Ecuador","Forastero"
"167","Caoni (Tulicorp)","Esmeraldas",269,2008,"55%","Ecuador",3.5,"Forastero","Ecuador","Forastero"
"168","Captain Pembleton","Saidor Estate, Madang P.",1263,2014,"70%","New Zealand",3.5,"Trinitario","Papua New Guinea","Trinitario"
"169","Caribeans","Costa Rica",841,2012,"72%","Costa Rica",3,"Forastero","Costa Rica","Forastero"
"170","Caribeans","Costa Rica",845,2012,"80%","Costa Rica",2.75,"Forastero","Costa Rica","Forastero"
"171","Carlotta Chocolat","Arauca",1884,2016,"65%","Colombia",3,"Trinitario","Colombia","Trinitario"
"172","Carlotta Chocolat","Tumaco",1888,2016,"65%","Colombia",3.25,"Trinitario","Colombia","Trinitario"
"173","Carlotta Chocolat","Cordoba",1888,2016,"65%","Colombia",3.25,"Trinitario","Colombia","Trinitario"
"174","Carlotta Chocolat","Huila",1888,2016,"65%","Colombia",3.5,"Trinitario","Colombia","Trinitario"
"175","Carlotta Chocolat","Cesar",1888,2016,"65%","Colombia",3.5,"CCN51","Colombia","CCN51"
"176","Castronovo","Maya Mtn, Batch 454, Heirloom",1724,2016,"72%","U.S.A.",4,"Trinitario","Belize","Trinitario"
"177","Castronovo","the lost city, gracias a dias, batch 362",1570,2015,"72%","U.S.A.",3.5,"Trinitario","Honduras","Trinitario"
"178","Castronovo","Duarte, Batch 360",1570,2015,"70%","U.S.A.",3.75,"Criollo","Domincan Republic","Criollo"
"179","Castronovo","Sierra Nevada",1347,2014,"72%","U.S.A.",3.5,"Criollo","Colombia","Criollo"
"180","Castronovo","Arauca",1371,2014,"76%","U.S.A.",3.5,"Criollo","Colombia","Criollo"
"181","Castronovo","Elvesia P.",1407,2014,"70%","U.S.A.",2.75,"Trinitario","Dominican Republic","Trinitario"
"182","Castronovo","Bolivia",1101,2013,"70%","U.S.A.",3,"Trinitario","Bolivia","Trinitario"
"183","Castronovo","Conacado",1101,2013,"73%","U.S.A.",3.5,"Trinitario","Dominican Republic","Trinitario"
"184","Castronovo","San Martin",1105,2013,"70%","U.S.A.",2.5,"Criollo","Peru","Criollo"
"185","Castronovo","Nicaragua",1109,2013,"72%","U.S.A.",3.25,"Trinitario","Nicaragua","Trinitario"
"186","Castronovo","Tumbes",1153,2013,"70%","U.S.A.",2.75,"Criollo","Peru","Criollo"
"187","Chaleur B","Uganda",1426,2014,"70%","Canada",2.75,"Forastero","Uganda","Forastero"
"188","Chchukululu (Tulicorp)","Arriba",486,2010,"55%","Ecuador",2.75,"Forastero","Ecuador","Forastero"
"189","Chchukululu (Tulicorp)","Los Rios",252,2008,"75%","Ecuador",3,"Forastero","Ecuador","Forastero"
"190","Choco Del Sol","Maya Mountain w/ nibs",1407,2014,"75%","Germany",3,"Trinitario","Belize","Trinitario"
"191","Choco Del Sol","Maya Mountain",1407,2014,"82%","Germany",3.25,"Trinitario","Belize","Trinitario"
"192","Choco Dong","Mekong Delta, early 2014 Harvest",1696,2015,"70%","South Korea",2.75,"Trinitario","Vietnam","Trinitario"
"193","Choco Dong","Tawau, Oct. 2015 Harvest",1696,2015,"70%","South Korea",3.5,"Trinitario","Malaysia","Trinitario"
"194","Chocolarder","Peru",1482,2015,"65%","U.K.",2.5,"Criollo","Peru","Criollo"
"195","Chocolarder","Peru + nibs",1482,2015,"65%","U.K.",2.75,"Criollo","Peru","Criollo"
"196","Chocola'te","Madagascar",647,2011,"70%","U.S.A.",3.75,"Trinitario","Madagascar","Trinitario"
"197","Chocolate Con Amor","Ocumare",1764,2016,"80%","U.S.A.",3,"Criollo","Venezuela","Criollo"
"198","Chocolate Makers","Tres Hombres",1530,2015,"75%","Amsterdam",3.25,"Trinitario","Dominican Republic","Trinitario"
"199","Chocolate Makers","Congo, Gorilla bar",1530,2015,"68%","Amsterdam",3.5,"Forastero","Congo","Forastero"
"200","Chocolate Makers","Peru, Awagum bar",1530,2015,"80%","Amsterdam",3.75,"Criollo","Peru","Criollo"
"201","Chocolate Tree, The","Maranon",1582,2015,"69%","Scotland",3.75,"Forastero","Peru","Forastero"
"202","Chocolate Tree, The","Carenero Superior",1582,2015,"80%","Scotland",3.75,"Trinitario","Venezuela","Trinitario"
"203","Chocolate Tree, The","Peru",1121,2013,"70%","Scotland",3.75,"Forastero","Peru","Forastero"
"204","Chocolate Tree, The","Ecuador",919,2012,"82%","Scotland",2.5,"Forastero","Ecuador","Forastero"
"205","Chocolate Tree, The","Peru",919,2012,"68%","Scotland",2.75,"Criollo","Peru","Criollo"
"206","Chocolate Tree, The","Madagascar",919,2012,"72%","Scotland",3.25,"Criollo","Madagascar","Criollo"
"207","Chocolats Privilege","Xoconusco",1219,2014,"70%","Canada",2.5,"Criollo","Mexico","Criollo"
"208","ChocoReko","Patanemo",1454,2015,"77%","Japan",3,"Criollo","Venezuela","Criollo"
"209","Chocovic","Xoconusco",478,2010,"71%","Spain",3.25,"Criollo","Mexico","Criollo"
"210","Chocovic","Sambirano",478,2010,"71%","Spain",3.5,"Trinitario","Madagascar","Trinitario"
"211","Chocovic","Ocumare",209,2008,"71%","Spain",3.5,"Criollo","Venezuela","Criollo"
"212","Chocovic","Bolivar, Guaranda",117,2007,"71%","Spain",2.5,"Forastero","Ecuador","Forastero"
"213","Chocovic","Guyave",117,2007,"71%","Spain",2.5,"Trinitario","Grenada","Trinitario"
"214","Chocovic","Maragda",117,2007,"70%","Spain",3,"Blend"," ","Blend"
"215","Chocovivo","Tabasco",1522,2015,"65%","U.S.A.",2.5,"Trinitario","Mexico","Trinitario"
"216","Chocovivo","Tabasco",1522,2015,"75%","U.S.A.",2.5,"Trinitario","Mexico","Trinitario"
"217","Choklat","Ocumare",377,2009,"80%","Canada",2.5,"Criollo","Venezuela","Criollo"
"218","Choklat","Porcelana, Tabasco",377,2009,"70%","Canada",2.75,"Criollo","Mexico","Criollo"
"219","Choklat","Ocumare",377,2009,"70%","Canada",3,"Criollo","Venezuela","Criollo"
"220","Christopher Morel (Felchlin)","Maranon Canyon, Fortunato No. 4",666,2011,"68%","Canada",3.75,"Forastero","Peru","Forastero"
"221","Chuao Chocolatier","Choroni",445,2009,"61%","U.S.A.",3,"Criollo","Venezuela","Criollo"
"222","Chuao Chocolatier (Pralus)","Chuao",486,2010,"77%","U.S.A.",2.75,"Trinitario","Venezuela","Trinitario"
"223","Claudio Corallo","Terreiro Velho P.",470,2010,"73.5%","Sao Tome",3.75,"Forastero","Sao Tome & Principe","Forastero"
"224","Claudio Corallo","Terreiro Velho P. w/ sugar crystals",209,2008,"80%","Sao Tome",3,"Forastero","Sao Tome & Principe","Forastero"
"225","Claudio Corallo","Terreiro Velho P.",227,2008,"75%","Sao Tome",4,"Forastero","Sao Tome & Principe","Forastero"
"226","Claudio Corallo","Principe",252,2008,"100%","Sao Tome",1,"Forastero","Sao Tome & Principe","Forastero"
"227","Coleman & Davis","Sambirano",1646,2015,"75%","U.S.A.",3,"Trinitario","Madagascar","Trinitario"
"228","Compania de Chocolate (Salgado)","Carenero Superior",292,2008,"80%","Argentina",2.75,"Trinitario","Venezuela","Trinitario"
"229","Compania de Chocolate (Salgado)","Ocumare",292,2008,"70%","Argentina",3.75,"Criollo","Venezuela","Criollo"
"230","Compania de Chocolate (Salgado)","Esmeraldas",296,2008,"88%","Argentina",2.75,"Forastero","Ecuador","Forastero"
"231","Confluence","Tien Giang, 2015, batch 10-2-16",1916,2016,"78%","U.S.A.",2.75,"Trinitario","Vietnam","Trinitario"
"232","Coppeneur","Ecuador, Puristique",1169,2013,"65%","Germany",3.25,"Forastero","Ecuador","Forastero"
"233","Coppeneur","Ghana Puristique",813,2012,"85%","Germany",3.5,"Forastero","Ghana","Forastero"
"234","Coppeneur","Uba Budo",821,2012,"72%","Germany",3.75,"Forastero","Sao Tome & Principe","Forastero"
"235","Coppeneur","Madagascar",959,2012,"70%","Germany",3.5,"Trinitario","Madagascar","Trinitario"
"236","Coppeneur","Grenada",470,2010,"72%","Germany",3.25,"Trinitario","Grenada","Trinitario"
"237","Coppeneur","Chuao",478,2010,"70%","Germany",3,"Trinitario","Venezuela","Trinitario"
"238","Coppeneur","Los Rios, H. Iara",558,2010,"72%","Germany",2.5,"Nacional","Ecuador","Nacional"
"239","Coppeneur","Trinidad",558,2010,"72%","Germany",3,"Trinitario","Trinidad","Trinitario"
"240","Coppeneur","Jamaica",558,2010,"72%","Germany",3.25,"Trinitario","Jamaica","Trinitario"
"241","Coppeneur","Ocumare 61",558,2010,"72%","Germany",3.25,"Criollo","Venezuela","Criollo"
"242","Coppeneur","Porcelana, Apotequil",341,2009,"72%","Germany",3,"Criollo","Peru","Criollo"
"243","Coppeneur","Porcelana, Apotequil",445,2009,"62%","Germany",3.25,"Criollo","Peru","Criollo"
"244","Coppeneur","Chuao 100hr",451,2009,"70%","Germany",3.5,"Criollo","Venezuela","Criollo"
"245","Coppeneur","Chuao 70hr",451,2009,"70%","Germany",3.75,"Criollo","Venezuela","Criollo"
"246","Coppeneur","Porcelana, Tabasco, Mexico",220,2008,"72%","Germany",3,"Criollo","Mexico","Criollo"
"247","Coppeneur","Porcelana, Venezuela",220,2008,"72%","Germany",3,"Criollo","Venezuela","Criollo"
"248","Coppeneur","Sambirano, Menava P.",196,2007,"72%","Germany",3,"Trinitario","Madagascar","Trinitario"
"249","Cravve","New Ireland",1283,2014,"70%","Australia",2.5,"Forastero","Papua New Guinea","Forastero"
"250","Cravve","Vanuatu, batch 2410",1335,2014,"83%","Australia",2.75,"Trinitario","Vanuatu","Trinitario"
"251","Cravve","Tanzania, batch a1",971,2012,"75%","Australia",3.25,"Forastero","Tanzania","Forastero"
"252","Cravve","Bahia, batch a1213",975,2012,"65%","Australia",3.25,"Trinitario","Brazil","Trinitario"
"253","Cravve","Namau Village, N. Taileva P., batch a2812",975,2012,"67%","Australia",3.25,"Trinitario","Fiji","Trinitario"
"254","Cravve","Vanuatu",975,2012,"64%","Australia",3.25,"Trinitario","Vanuatu","Trinitario"
"255","Cravve","Djual Island",975,2012,"75%","Australia",3.5,"Forastero","Papua New Guinea","Forastero"
"256","Creo","""heirloom"", Arriba Nacional",1736,2016,"85%","U.S.A.",3.25,"Forastero","Ecuador","Forastero"
"257","Creo","""heirloom"", Arriba Nacional",1736,2016,"73%","U.S.A.",3.75,"Forastero","Ecuador","Forastero"
"258","Damson","Robson Estate",1610,2015,"70%","U.K.",3,"Trinitario","Trinidad","Trinitario"
"259","Dandelion","Maya Mtn., Break Bar- Snark",1446,2015,"70%","U.S.A.",3,"Trinitario","Belize","Trinitario"
"260","Dandelion","Maya Mountain",1219,2014,"70%","U.S.A.",3.5,"Trinitario","Belize","Trinitario"
"261","Dandelion","Madagascar",654,2011,"70%","U.S.A.",3.25,"Trinitario","Madagascar","Trinitario"
"262","Danta","Chuao",987,2012,"75%","Guatemala",3,"Trinitario","Venezuela","Trinitario"
"263","Danta","Sambirano",987,2012,"70%","Guatemala",3.75,"Trinitario","Madagascar","Trinitario"
"264","Danta","Las Acacias E.",987,2012,"70%","Guatemala",4,"Criollo","Guatemala","Criollo"
"265","Danta","Las Acacias E.",423,2009,"75%","Guatemala",3,"Criollo","Guatemala","Criollo"
"266","Danta","Las Acacias E.",423,2009,"60%","Guatemala",3.25,"Criollo","Guatemala","Criollo"
"267","DAR","Vietnam",1920,2016,"72%","U.S.A.",3,"Trinitario","Vietnam","Trinitario"
"268","Dark Forest","Madagascar",1550,2015,"70%","U.S.A.",3,"Trinitario","Madagascar","Trinitario"
"269","Davis","Ghana",1093,2013,"70%","U.S.A.",2.5,"Forastero","Ghana","Forastero"
"270","Davis","West Africa",907,2012,"58%","U.S.A.",3.25,"Forastero","West Africa","Forastero"
"271","De Villiers","Bundibugyo District",1832,2016,"70%","South Africa",2.5,"Forastero","Uganda","Forastero"
"272","Dean and Deluca (Belcolade)","Madagascar",170,2007,"66%","U.S.A.",2.5,"Trinitario","Madagascar","Trinitario"
"273","Dean and Deluca (Belcolade)","Ghana",175,2007,"60%","U.S.A.",3,"Forastero","Ghana","Forastero"
"274","DeVries","Costa Rica",166,2007,"77%","U.S.A.",3.5,"Trinitario","Costa Rica","Trinitario"
"275","Dick Taylor","Tien Giang",1864,2016,"78%","U.S.A.",3.5,"Trinitario","Vietnam","Trinitario"
"276","Dick Taylor","Belize",955,2012,"72%","U.S.A.",2.75,"Trinitario","Belize","Trinitario"
"277","Dick Taylor","Sambirano",661,2011,"80%","U.S.A.",2.75,"Trinitario","Madagascar","Trinitario"
"278","Dick Taylor","Sambirano",661,2011,"72%","U.S.A.",3,"Trinitario","Madagascar","Trinitario"
"279","Dick Taylor","Mantuano",682,2011,"75%","U.S.A.",2.75,"Criollo","Venezuela","Criollo"
"280","Doble & Bignall","Puerto Cabello, Mantuano",1371,2014,"72%","U.K.",3.25,"Trinitario","Venezuela","Trinitario"
"281","Doble & Bignall","Johe",1407,2014,"72%","U.K.",3.5,"Criollo","Nicaragua","Criollo"
"282","Dolfin (Belcolade)","Africa",304,2008,"88%","Belgium",3,"Forastero","West Africa","Forastero"
"283","Domori","Ocumare 77",1672,2015,"70%","Italy",3.75,"Criollo","Venezuela","Criollo"
"284","Domori","IL100, H. San Jose",1109,2013,"100%","Italy",3,"Criollo","Venezuela","Criollo"
"285","Domori","Guasare",863,2012,"70%","Italy",3.75,"Criollo","Venezuela","Criollo"
"286","Domori","Canoabo, Hacienda San Jose",693,2011,"70%","Italy",3.5,"Criollo","Venezuela","Criollo"
"287","Domori","Chuao, Hacienda San Jose",470,2010,"70%","Italy",3,"Trinitario","Venezuela","Trinitario"
"288","Domori","Carupano, H. San Jose",227,2008,"70%","Italy",3,"Trinitario","Venezuela","Trinitario"
"289","Domori","Blend No. 1",272,2008,"78%","Italy",3.5,"Blend"," ","Blend"
"290","Domori","Ilblend",272,2008,"70%","Italy",3.75,"Blend"," ","Blend"
"291","Domori","Porcelana",111,2007,"70%","Italy",4,"Criollo","Venezuela","Criollo"
"292","Domori","Ocumare 61, Puertomar",129,2007,"75%","Italy",3.25,"Criollo","Venezuela","Criollo"
"293","Domori","Granella",135,2007,"60%","Italy",3.25,"Trinitario","Venezuela","Trinitario"
"294","Domori","Madagascar",135,2007,"70%","Italy",3.5,"Trinitario","Madagascar","Trinitario"
"295","Domori","Madagared",192,2007,"70%","Italy",3.5,"Criollo","Madagascar","Criollo"
"296","Domori","Java, Javablond",192,2007,"70%","Italy",3.75,"Criollo","Indonesia","Criollo"
"297","Domori","Ecuador",192,2007,"70%","Italy",4,"Forastero","Ecuador","Forastero"
"298","Domori","Ocumare 67, Puertofino",192,2007,"70%","Italy",4,"Criollo","Venezuela","Criollo"
"299","Domori","Sur del Lago Classificado",87,2006,"70%","Italy",3,"Trinitario","Venezuela","Trinitario"
"300","Domori","Apurimac",87,2006,"70%","Italy",3.25,"Trinitario","Peru","Trinitario"
"301","Domori","Carenero Superior",87,2006,"70%","Italy",3.5,"Trinitario","Venezuela","Trinitario"
"302","Dormouse","Non Pariel Estate",1880,2016,"75%","U.K.",2.75,"Trinitario","Grenada","Trinitario"
"303","Dormouse","Rio Caribe, Batch 7",1672,2015,"70%","U.K.",2.5,"Trinitario","Venezuela","Trinitario"
"304","Dormouse","Colombia, Batch 9",1676,2015,"80%","U.K.",2.75,"Criollo","Colombia","Criollo"
"305","Dormouse","Madagascar, Batch 8",1676,2015,"77%","U.K.",2.75,"Criollo","Madagascar","Criollo"
"306","Duffy's","Rio Dulce, Xoco",1662,2015,"70%","U.K.",4,"Criollo","Guatemala","Criollo"
"307","Duffy's","Chuno, Xoco",1331,2014,"70%","U.K.",3.5,"Criollo","Nicaragua","Criollo"
"308","Duffy's","Rico Rugoso, Xoco",1331,2014,"76%","U.K.",3.75,"Criollo","Nicaragua","Criollo"
"309","Duffy's","Indio Rojo, Xoco",623,2011,"72%","U.K.",3.75,"Criollo","Honduras","Criollo"
"310","Duffy's","Nicaliso, Xoco",697,2011,"71%","U.K.",3.25,"Criollo","Nicaragua","Criollo"
"311","Durand","Madagascar",841,2012,"82%","France",2.75,"Trinitario","Madagascar","Trinitario"
"312","Durci","Maranon, Joya Rara",1626,2015,"70%","U.S.A.",3.5,"Forastero","Peru","Forastero"
"313","Durci","Rio Caribe, Tepui Treasure",1626,2015,"70%","U.S.A.",3.5,"Trinitario","Venezuela","Trinitario"
"314","Durci","Carenero, Empyrean Sabor",1630,2015,"70%","U.S.A.",3.25,"Trinitario","Venezuela","Trinitario"
"315","East Van Roasters","Madagascar",1343,2014,"70%","Canada",3.5,"Trinitario","Madagascar","Trinitario"
"316","Eclat (Felchlin)","Maranon, Good & Evil, w/ nibs",919,2012,"72%","U.S.A.",2.75,"Forastero","Peru","Forastero"
"317","Edelmond","Porcelana",1876,2016,"68%","Germany",3,"Criollo","Venezuela","Criollo"
"318","El Rey","Rio Caribe, Cariaco",439,2009,"60.5%","Venezuela",2.75,"Trinitario","Venezuela","Trinitario"
"319","El Rey","Rio Caribe, Macuro",439,2009,"70%","Venezuela",3,"Trinitario","Venezuela","Trinitario"
"320","El Rey","Carenero Superior, Apamate",206,2008,"74%","Venezuela",2.5,"Criollo","Venezuela","Criollo"
"321","El Rey","Carenero Superior, Bucare",206,2008,"58%","Venezuela",2.5,"Criollo","Venezuela","Criollo"
"322","El Rey","Carenero Superior, Mijao",206,2008,"61%","Venezuela",3,"Criollo","Venezuela","Criollo"
"323","El Rey","Carenero Superior, Gran Saman",32,2006,"70%","Venezuela",2.75,"Criollo","Venezuela","Criollo"
"324","Emily's","Peru",1454,2015,"78%","Japan",3.5,"Criollo","Peru","Criollo"
"325","Enric Rovira (Claudio Corallo)","Terreiro Velho P.",565,2010,"80%","Spain",3.25,"Forastero","Sao Tome & Principe","Forastero"
"326","Erithaj (A. Morin)","Ben Tre",1205,2014,"70%","France",3.25,"Trinitario","Vietnam","Trinitario"
"327","Erithaj (A. Morin)","Ham Luong",1209,2014,"80%","France",3,"Trinitario","Vietnam","Trinitario"
"328","Erithaj (A. Morin)","Ba Lai",1209,2014,"74%","France",3.25,"Trinitario","Vietnam","Trinitario"
"329","Escazu","Rio Caribe",903,2012,"70%","U.S.A.",2.75,"Trinitario","Venezuela","Trinitario"
"330","Escazu","Carenero Superior",423,2009,"81%","U.S.A.",3.5,"Criollo","Venezuela","Criollo"
"331","Escazu","Ocumare",252,2008,"72%","U.S.A.",3,"Criollo","Venezuela","Criollo"
"332","Ethel's Artisan (Mars)","Trinidad",666,2011,"55%","U.S.A.",2.5,"Trinitario","Trinidad","Trinitario"
"333","Ethel's Artisan (Mars)","Porcelana",666,2011,"70%","U.S.A.",2.5,"Criollo","Venezuela","Criollo"
"334","Ethereal","Belize",1275,2014,"80%","U.S.A.",3,"Trinitario","Belize","Trinitario"
"335","Feitoria Cacao","Maya Mountain",1736,2016,"76%","Portugal",2.75,"Trinitario","Belize","Trinitario"
"336","Felchlin","Grenada",494,2010,"58%","Switzerland",3.5,"Trinitario","Grenada","Trinitario"
"337","Felchlin","Elvesia P.",105,2006,"74%","Switzerland",3,"Trinitario","Dominican Republic","Trinitario"
"338","Felchlin","Madagascar, Grand Cru",48,2006,"64%","Switzerland",3,"Criollo","Madagascar","Criollo"
"339","Felchlin","Maracaibo Clasificado",48,2006,"65%","Switzerland",3,"Criollo","Venezuela","Criollo"
"340","Felchlin","Arriba",48,2006,"72%","Switzerland",3.5,"Forastero","Ecuador","Forastero"
"341","Felchlin","Alto Beni, Cru Savage",56,2006,"68%","Switzerland",4,"Criollo","Bolivia","Criollo"
"342","Forever Cacao","Rio Eni",1267,2014,"72%","U.K.",2.75,"Criollo","Peru","Criollo"
"343","Fossa","Kokoa Kamili Coop, Kilombero",1776,2016,"67%","Singapore",3.75,"Trinitario","Tanzania","Trinitario"
"344","Frederic Blondeel","Vietnam",1542,2015,"80%","Belgium",3,"Trinitario","Vietnam","Trinitario"
"345","Frederic Blondeel","Ghana",1351,2014,"60%","Belgium",3.5,"Forastero","Ghana","Forastero"
"346","Frederic Blondeel","Madagascar",1351,2014,"65%","Belgium",3.5,"Trinitario","Madagascar","Trinitario"
"347","French Broad","Tumbes Coop",883,2012,"70%","U.S.A.",2.5,"Criollo","Peru","Criollo"
"348","French Broad","Maranon Canyon, Fortunato No. 4",781,2011,"70%","U.S.A.",3.5,"Forastero","Peru","Forastero"
"349","Fresco","Maranon, #228, MR, SC",1383,2014,"70%","U.S.A.",3,"Forastero","Peru","Forastero"
"350","Fresco","Maranon, #227, LR, MC",1383,2014,"70%","U.S.A.",3.5,"Forastero","Peru","Forastero"
"351","Fresco","Maranon, #229, MR, LC",1383,2014,"70%","U.S.A.",3.5,"Forastero","Peru","Forastero"
"352","Fresco","Maranon, #230, DR, LC",1387,2014,"70%","U.S.A.",3.5,"Forastero","Peru","Forastero"
"353","Fresco","Bellavista Coop, #225, LR, MC, CG Exclusive",1149,2013,"70%","U.S.A.",4,"Trinitario","Peru","Trinitario"
"354","Fresco","Sambirano Valley, #216, MR, LC",915,2012,"74%","U.S.A.",4,"Trinitario","Madagascar","Trinitario"
"355","Fresco","Markham Valley, #220, MR, MC",927,2012,"69%","U.S.A.",4,"Trinitario","Papua New Guinea","Trinitario"
"356","Fresco","Markham Valley, #222, LR, 0C",931,2012,"69%","U.S.A.",3,"Trinitario","Papua New Guinea","Trinitario"
"357","Fresco","Ghana, #211, MR, MC",636,2011,"74%","U.S.A.",2.75,"Forastero","Ghana","Forastero"
"358","Fresco","Jamaica, #209, DR, SC",642,2011,"70%","U.S.A.",3.25,"Trinitario","Jamaica","Trinitario"
"359","Fresco","Jamaica, #210, DR, MC",642,2011,"70%","U.S.A.",3.5,"Trinitario","Jamaica","Trinitario"
"360","Fresco","Sambirano Valley, #214, LR, MC",682,2011,"74%","U.S.A.",2.75,"Trinitario","Madagascar","Trinitario"
"361","Fresco","Sambirano Valley, #215, MR, MC",688,2011,"74%","U.S.A.",3,"Trinitario","Madagascar","Trinitario"
"362","Fresco","Chuao, #218, MR, MC",745,2011,"76%","U.S.A.",3.25,"Trinitario","Venezuela","Trinitario"
"363","Fresco","Chuao, #217, DR, MC",745,2011,"70%","U.S.A.",4,"Trinitario","Venezuela","Trinitario"
"364","Fresco","Jamaica, #204, DR, SC",370,2009,"80%","U.S.A.",2.75,"Trinitario","Jamaica","Trinitario"
"365","Fresco","Jamaica, #206, DR, LC",370,2009,"70%","U.S.A.",3,"Trinitario","Jamaica","Trinitario"
"366","Fresco","Jamaica, #205, DR, MC",370,2009,"70%","U.S.A.",3.25,"Trinitario","Jamaica","Trinitario"
"367","Fresco","Carenero Superior, #203, MR, SC",370,2009,"65%","U.S.A.",3.5,"Criollo","Venezuela","Criollo"
"368","Friis Holm (Bonnat)","Chuno, triple turned, Xoco",895,2012,"70%","Denmark",3.25,"Criollo","Nicaragua","Criollo"
"369","Friis Holm (Bonnat)","Red Mayan, Xoco",899,2012,"70%","Denmark",3.25,"Criollo","Honduras","Criollo"
"370","Friis Holm (Bonnat)","Chuno, double turned, Xoco",899,2012,"70%","Denmark",3.25,"Criollo","Nicaragua","Criollo"
"371","Friis Holm (Bonnat)","Johe, Xoco",623,2011,"70%","Denmark",3.25,"Criollo","Nicaragua","Criollo"
"372","Friis Holm (Bonnat)","Chuno, Xoco",623,2011,"70%","Denmark",3.5,"Criollo","Nicaragua","Criollo"
"373","Friis Holm (Bonnat)","Nicaliso, Xoco",623,2011,"70%","Denmark",3.5,"Criollo","Nicaragua","Criollo"
"374","Fruition","Wild Bolivian, Batch 2",1780,2016,"74%","U.S.A.",3.75,"Beniano","Bolivia","Beniano"
"375","Fruition","Coto Brus, Heirloom, Batch 1",1780,2016,"74%","U.S.A.",4,"Amazon","Costa Rica","Amazon"
"376","Fruition","Gran Couva",1347,2014,"70%","U.S.A.",3.75,"Trinitario","Trinidad","Trinitario"
"377","Fruition","Maranon",1359,2014,"76%","U.S.A.",3,"Forastero","Peru","Forastero"
"378","Fruition","Signature Blend",753,2011,"66%","U.S.A.",3.25,"Trinitario","Costa Rica","Trinitario"
"379","Garden Island","Kaua'I, Alea Estate +world",1367,2014,"85%","U.S.A.",2.5,"Blend","Hawaii","Blend"
"380","Georgia Ramon","Akesson P.",1642,2015,"65%","Germany",3.25,"Trinitario","Madagascar","Trinitario"
"381","Georgia Ramon","ABOCFA Coop",1642,2015,"70%","Germany",4,"Forastero","Ghana","Forastero"
"382","Georgia Ramon","Conacado Coop",1646,2015,"70%","Germany",3.5,"Trinitario","Domincan Republic","Trinitario"
"383","Georgia Ramon","Conacado Coop",1646,2015,"80%","Germany",3.5,"Trinitario","Domincan Republic","Trinitario"
"384","Georgia Ramon","Akesson P.",1646,2015,"75%","Germany",3.5,"Trinitario","Madagascar","Trinitario"
"385","Glennmade","Bahia",1672,2015,"66%","U.S.A.",3,"Trinitario","Brazil","Trinitario"
"386","Grand Place","Ben Tre, Dong Nai",741,2011,"72%","Vietnam",3,"Trinitario","Vietnam","Trinitario"
"387","Grenada Chocolate Co.","Grenada",494,2010,"82%","Grenada",3.25,"Trinitario","Grenada","Trinitario"
"388","Grenada Chocolate Co.","Grenada",363,2009,"60%","Grenada",2.75,"Trinitario","Grenada","Trinitario"
"389","Grenada Chocolate Co.","Grenada",241,2008,"71%","Grenada",2.5,"Trinitario","Grenada","Trinitario"
"390","Guido Castagna","Arriba",355,2009,"64%","Italy",3,"Forastero","Ecuador","Forastero"
"391","Guido Castagna","Ghana",355,2009,"64%","Italy",3,"Forastero","Ghana","Forastero"
"392","Guittard","Jamaica",1053,2013,"65%","U.S.A.",3.25,"Trinitario","Jamaica","Trinitario"
"393","Guittard","Trinidad",552,2010,"65%","U.S.A.",3,"Trinitario","Trinidad","Trinitario"
"394","Guittard","Complexite",387,2009,"70%","U.S.A.",3.5,"Blend"," ","Blend"
"395","Guittard","Quetzalcoatl",147,2007,"72%","U.S.A.",3.5,"Blend"," ","Blend"
"396","Guittard","Chucuri",15,2006,"65%","U.S.A.",3,"Trinitario","Colombia","Trinitario"
"397","Guittard","Sur del Lago",87,2006,"65%","U.S.A.",2.5,"Trinitario","Venezuela","Trinitario"
"398","Guittard","Sambirano, Ambanja",87,2006,"65%","U.S.A.",3.5,"Criollo","Madagascar","Criollo"
"399","Guittard","Los Rios, Quevedo",93,2006,"65%","U.S.A.",3.5,"Forastero","Ecuador","Forastero"
"400","Guittard","Tsaranta",93,2006,"61%","U.S.A.",3.5,"Blend"," ","Blend"
"401","Guittard","Semisweet",99,2006,"61%","U.S.A.",3,"Blend"," ","Blend"
"402","Habitual","Trinitario",1197,2014,"70%","Canada",3.5,"Trinitario"," ","Trinitario"
"403","Hachez","Arriba",166,2007,"77%","Germany",2.5,"Forastero","Ecuador","Forastero"
"404","Hacienda El Castillo","Don Homero- Cerecita Valley",1327,2014,"55%","Ecuador",2.75,"Trinitario","Ecuador","Trinitario"
"405","Hacienda El Castillo","Don Homero- Cerecita Valley",1327,2014,"70%","Ecuador",3,"Trinitario","Ecuador","Trinitario"
"406","Heirloom Cacao Preservation (Brasstown)","Maya Mtn, Moho R., Toledo D., 2015",1748,2016,"70%","U.S.A.",3.25,"Amazon","Belize","Amazon"
"407","Heirloom Cacao Preservation (Fruition)","Cota Brus, Terciopelo, 2015",1748,2016,"74%","U.S.A.",3.5,"Amazon","Costa Rica","Amazon"
"408","Heirloom Cacao Preservation (Guittard)","Alto Beni, Upper Rio Beni, 2014",1239,2014,"67%","U.S.A.",3.5,"Amazon","Bolivia","Amazon"
"409","Heirloom Cacao Preservation (Guittard)","Wild Beni, Lower Rio Beni, Tranquilidad, 2014",1243,2014,"67%","U.S.A.",3,"Beniano","Bolivia","Beniano"
"410","Heirloom Cacao Preservation (Guittard)","Los Rios, Hacienda Limon, Orecao, 2014",1243,2014,"67%","U.S.A.",3.75,"EET","Ecuador","EET"
"411","Heirloom Cacao Preservation (Millcreek)","Los Rios, Hacienda Limon, Orecao, 2015",1744,2016,"70%","U.S.A.",3.5,"EET","Ecuador","EET"
"412","Heirloom Cacao Preservation (Mindo)","Pinchincha, Mindo, Coop Nueva Esper., 2015",1748,2016,"77%","U.S.A.",3.5,"EET","Ecuador","EET"
"413","Heirloom Cacao Preservation (Zokoko)","Alto Beni, Upper Rio Beni, 2015",1744,2016,"68%","U.S.A.",3.75,"Amazon","Bolivia","Amazon"
"414","Heirloom Cacao Preservation (Zokoko)","Wild Beni, Lower Rio Beni, Tranquilidad, 2015",1744,2016,"72%","U.S.A.",4,"Beniano","Bolivia","Beniano"
"415","hello cocoa","Uganda",1458,2015,"57%","U.S.A.",2.75,"Forastero","Uganda","Forastero"
"416","hello cocoa","Venezuela",1462,2015,"74%","U.S.A.",3.5,"Criollo","Venezuela","Criollo"
"417","hexx","Madagascar",1546,2015,"74%","U.S.A.",3,"Trinitario","Madagascar","Trinitario"
"418","Hogarth","Akesson's Estate",1712,2016,"70%","New Zealand",2.75,"Trinitario","Madagascar","Trinitario"
"419","Hogarth","Carenero Superior",1712,2016,"72%","New Zealand",2.75,"Trinitario","Venezuela","Trinitario"
"420","Hogarth","Conacado",1712,2016,"75%","New Zealand",3.25,"Trinitario","Domincan Republic","Trinitario"
"421","Hogarth","Gran Blanco",1712,2016,"66%","New Zealand",3.5,"Criollo","Peru","Criollo"
"422","Hoja Verde (Tulicorp)","Arriba",414,2009,"80%","Ecuador",2,"Forastero","Ecuador","Forastero"
"423","Hoja Verde (Tulicorp)","Manabi",414,2009,"80%","Ecuador",2.5,"Forastero","Ecuador","Forastero"
"424","Hoja Verde (Tulicorp)","Arriba",414,2009,"72%","Ecuador",3,"Forastero","Ecuador","Forastero"
"425","Hoja Verde (Tulicorp)","Arriba",414,2009,"58%","Ecuador",3.25,"Forastero","Ecuador","Forastero"
"426","Hoja Verde (Tulicorp)","Manabi",414,2009,"58%","Ecuador",3.5,"Forastero","Ecuador","Forastero"
"427","Holy Cacao","Sambirano",1466,2015,"70%","Israel",3.5,"Trinitario","Madagascar","Trinitario"
"428","Holy Cacao","Gran Couva",1466,2015,"70%","Israel",3.5,"Trinitario","Trinidad","Trinitario"
"429","Hotel Chocolat","Marcial, single Cote, 2012",1030,2013,"70%","U.K.",4,"Trinitario","St. Lucia","Trinitario"
"430","Hotel Chocolat","Island Growers, 2012, 120hr c.",1113,2013,"100%","U.K.",1.75,"Trinitario","St. Lucia","Trinitario"
"431","Hotel Chocolat (Coppeneur)","Trinidad",1038,2013,"75%","U.K.",3,"Trinitario","Trinidad","Trinitario"
"432","Hotel Chocolat (Coppeneur)","Mekong Delta & Dong Nai",1038,2013,"80%","U.K.",3.5,"Trinitario","Vietnam","Trinitario"
"433","Hotel Chocolat (Coppeneur)","Los Rios, H. Iara",1065,2013,"90%","U.K.",3,"Forastero","Ecuador","Forastero"
"434","Hotel Chocolat (Coppeneur)","Somia Plantation, Akesson, 2012",1065,2013,"72%","U.K.",3,"Trinitario","Madagascar","Trinitario"
"435","Hotel Chocolat (Coppeneur)","Los Rios, H. Iara, 2012",1065,2013,"82%","U.K.",3.5,"Forastero","Ecuador","Forastero"
"436","Hotel Chocolat (Coppeneur)","Los Rios, H. Iara, 2012, 120hr c.",1113,2013,"100%","U.K.",2.5,"Forastero","Ecuador","Forastero"
"437","Hotel Chocolat (Coppeneur)","Sambirano",809,2012,"66%","U.K.",3.5,"Trinitario","Madagascar","Trinitario"
"438","Hotel Chocolat (Coppeneur)","Los Rios, H. Iara, 96hr c.",623,2011,"80%","U.K.",3,"Forastero","Ecuador","Forastero"
"439","Hotel Chocolat (Coppeneur)","Island Growers, 120hr c.",623,2011,"65%","U.K.",3,"Trinitario","St. Lucia","Trinitario"
"440","Hotel Chocolat (Coppeneur)","Island Growers, 96hr c.",623,2011,"65%","U.K.",3.25,"Trinitario","St. Lucia","Trinitario"
"441","Hotel Chocolat (Coppeneur)","Chuao",600,2010,"70%","U.K.",2.75,"Trinitario","Venezuela","Trinitario"
"442","Hotel Chocolat (Coppeneur)","Uganda",296,2008,"80%","U.K.",2.5,"Forastero","Uganda","Forastero"
"443","Hotel Chocolat (Coppeneur)","Uba Budo",300,2008,"72%","U.K.",3,"Forastero","Sao Tome","Forastero"
"444","Hummingbird","Lam Dong",1542,2015,"70%","Canada",3.5,"Trinitario","Vietnam","Trinitario"
"445","Hummingbird","Bolivia",1307,2014,"70%","Canada",3,"Criollo","Bolivia","Criollo"
"446","Hummingbird","Bolivia, Bo-nib-ia, w/ nibs",1311,2014,"70%","Canada",3,"Criollo","Bolivia","Criollo"
"447","Hummingbird","Momotombo",1311,2014,"70%","Canada",3,"Trinitario","Nicaragua","Trinitario"
"448","Hummingbird","Hispaniola",1311,2014,"70%","Canada",3.75,"Trinitario","Dominican Republic","Trinitario"
"449","Hummingbird","Ocumare, Cumboto",1097,2013,"70%","Canada",3.25,"Trinitario","Venezuela","Trinitario"
"450","Hummingbird","Amazonas",1097,2013,"70%","Canada",3.75,"Forastero","Venezuela","Forastero"
"451","Idilio (Felchlin)","Chuao, Venezuela",1085,2013,"72%","Switzerland",3.75,"Trinitario","Venezuela","Trinitario"
"452","Idilio (Felchlin)","Coopertiva Amazona",725,2011,"72%","Switzerland",3.75,"Criollo","Venezuela","Criollo"
"453","Idilio (Felchlin)","Choroni, Finca Torres, 48hr c.",729,2011,"72%","Switzerland",3.25,"Criollo","Venezuela","Criollo"
"454","Idilio (Felchlin)","Ocumare, H. Cata, 48hr c.",733,2011,"72%","Switzerland",3.75,"Criollo","Venezuela","Criollo"
"455","Idilio (Felchlin)","Porcelana, Zulia",733,2011,"74%","Switzerland",4,"Criollo","Venezuela","Criollo"
"456","Idilio (Felchlin)","Ocumare, H. Cata, w/ nibs",737,2011,"72%","Switzerland",3.5,"Criollo","Venezuela","Criollo"
"457","Idilio (Felchlin)","Carenero Superior, Urrutia, Barlovento",737,2011,"70%","Switzerland",4,"Trinitario","Venezuela","Trinitario"
"458","Idilio (Felchlin)","Coopertiva Amazona w/ nibs",737,2011,"72%","Switzerland",4,"Criollo","Venezuela","Criollo"
"459","iQ Chocolate","Satipo region, white label",943,2012,"72%","Scotland",2.75,"Criollo","Peru","Criollo"
"460","Isidro","Madagascar",1275,2014,"72%","U.S.A.",3.5,"Trinitario","Madagascar","Trinitario"
"461","Isidro","Belize",1279,2014,"72%","U.S.A.",3.25,"Trinitario","Belize","Trinitario"
"462","Izard","Maya Mountain, Toledo, Batch 29",1542,2015,"70%","U.S.A.",3.5,"Trinitario","Belize","Trinitario"
"463","Jacque Torres","Trinatario Treasure",5,2006,"71%","U.S.A.",2,"Trinitario","Ghana","Trinitario"
"464","Jordis","Madagascar",1534,2015,"63%","Czech Republic",2.75,"Trinitario","Madagascar","Trinitario"
"465","Just Good Chocolate","Belize",1375,2014,"70%","U.S.A.",3.5,"Trinitario","Belize","Trinitario"
"466","Just Good Chocolate","Madagascar",1375,2014,"70%","U.S.A.",3.5,"Trinitario","Madagascar","Trinitario"
"467","Kakao","Vanuatu",387,2009,"65%","Germany",3.75,"Trinitario","Vanuatu","Trinitario"
"468","Kiskadee","La Red, Guanconjeco",1251,2014,"60%","U.S.A.",3,"Trinitario","Dominican Republic","Trinitario"
"469","Kto","Belize",1422,2014,"72%","U.S.A.",3,"Trinitario","Belize","Trinitario"
"470","Kto","Sambirano Valley",1422,2014,"72%","U.S.A.",3.25,"Trinitario","Madagascar","Trinitario"
"471","Kto","Belize",1426,2014,"90%","U.S.A.",3.25,"Trinitario","Belize","Trinitario"
"472","K'ul","Maranon, Fortunato No. 4",1852,2016,"70%","U.S.A.",2.75,"Forastero","Peru","Forastero"
"473","K'ul","Bahia, Fazenda Camboa",1852,2016,"70%","U.S.A.",3.75,"Forastero","Brazil","Forastero"
"474","Kyya","Uganda",1359,2014,"72.5%","U.S.A.",2.5,"Forastero","Uganda","Forastero"
"475","Kyya","Madagascar",1363,2014,"72.5%","U.S.A.",3,"Trinitario","Madagascar","Trinitario"
"476","L.A. Burdick (Felchlin)","Chuao",927,2012,"68%","U.S.A.",3.75,"Trinitario","Venezuela","Trinitario"
"477","L.A. Burdick (Felchlin)","Grenada",576,2010,"75%","U.S.A.",3.25,"Trinitario","Grenada","Trinitario"
"478","L.A. Burdick (Felchlin)","Madagascar",431,2009,"64%","U.S.A.",3.5,"Trinitario","Madagascar","Trinitario"
"479","La Chocolaterie Nanairo","Lumas, 2015 Harvest, Batch 6, brown sugar",1892,2016,"70%","Japan",2.25,"Trinitario","Peru","Trinitario"
"480","La Chocolaterie Nanairo","Lumas, 2015 Harvest, Batch 7",1892,2016,"70%","Japan",2.5,"Trinitario","Peru","Trinitario"
"481","La Chocolaterie Nanairo","Tumbes, 2013 Harvest, Batch 8",1892,2016,"70%","Japan",3,"Criollo","Peru","Criollo"
"482","La Chocolaterie Nanairo","Belize, 2014 Harvest, Batch 9",1892,2016,"70%","Japan",3,"Trinitario","Belize","Trinitario"
"483","La Maison du Chocolat (Valrhona)","Grenada",741,2011,"68%","France",3.5,"Trinitario","Grenada","Trinitario"
"484","La Maison du Chocolat (Valrhona)","Akosombo",346,2009,"68%","France",3.25,"Forastero","Ghana","Forastero"
"485","La Maison du Chocolat (Valrhona)","Porcelana, Pariguan",346,2009,"69%","France",3.5,"Criollo","Venezuela","Criollo"
"486","La Maison du Chocolat (Valrhona)","Cuana, 2008",230,2008,"74%","France",3.5,"Blend","Ven., Indonesia, Ecuad.","Blend"
"487","Laia aka Chat-Noir","Madagascar, Batch 59/100",1590,2015,"75%","France",2.75,"Trinitario","Madagascar","Trinitario"
"488","Laia aka Chat-Noir","Vietnam, Batch 50/100",1590,2015,"75%","France",2.75,"Trinitario","Vietnam","Trinitario"
"489","Laia aka Chat-Noir","Sao Tome, Batch 151",1638,2015,"75%","France",3.5,"Forastero","Sao Tome","Forastero"
"490","Laia aka Chat-Noir","Lam Dong, Batch 153",1642,2015,"75%","France",3.75,"Trinitario","Vietnam","Trinitario"
"491","Lajedo do Ouro","Catongo",927,2012,"70%","Brazil",3.5,"Forastero","Brazil","Forastero"
"492","L'Amourette","Rugoso",1784,2016,"80%","U.S.A.",3.5,"Trinitario","Nicaragua","Trinitario"
"493","L'Amourette","Carenero Superior",833,2012,"75%","U.S.A.",3,"Trinitario","Venezuela","Trinitario"
"494","L'Amourette","Rio Caribe",833,2012,"75%","U.S.A.",3,"Trinitario","Venezuela","Trinitario"
"495","L'Amourette","Blend",853,2012,"72%","U.S.A.",3,"Criollo","Peru, Ecuador, Venezuela","Criollo"
"496","Letterpress","San Juan Estate, Gran Couva",1562,2015,"70%","U.S.A.",3.5,"Trinitario","Trinidad","Trinitario"
"497","Letterpress","Maranura",1371,2014,"70%","U.S.A.",3.5,"Forastero","Peru","Forastero"
"498","Levy","Sambirano",1231,2014,"71%","Finland",3.5,"Criollo","Madagascar","Criollo"
"499","Lilla","Madagascar",1856,2016,"70%","Finland",3,"Trinitario","Madagascar","Trinitario"
"500","Lillie Belle","Perfect Illusion",855,2012,"65%","U.S.A.",3.5,"Criollo","Peru","Criollo"
"501","Lillie Belle","Bolivia, Wild Thing",903,2012,"68%","U.S.A.",3.5,"Criollo","Bolivia","Criollo"
"502","Lillie Belle","Wild Thing",947,2012,"68%","U.S.A.",3.5,"Criollo","Bolivia","Criollo"
"503","Madecasse (Cinagra)","Madagascar",284,2008,"67%","Madagascar",3.5,"Trinitario","Madagascar","Trinitario"
"504","Madecasse (Cinagra)","Madagascar",284,2008,"70%","Madagascar",3.75,"Trinitario","Madagascar","Trinitario"
"505","Madecasse (Cinagra)","Madagascar",284,2008,"63%","Madagascar",4,"Trinitario","Madagascar","Trinitario"
"506","Madecasse (Cinagra)","Madagascar",288,2008,"75%","Madagascar",3.5,"Trinitario","Madagascar","Trinitario"
"507","Madre","Criollo, Hawaii",995,2012,"70%","U.S.A.",3.25,"Criollo","Hawaii","Criollo"
"508","Maglio","Ecuador",308,2008,"70%","Italy",3,"Forastero","Ecuador","Forastero"
"509","Maglio","Cuba",308,2008,"70%","Italy",3.25,"Criollo","Cuba","Criollo"
"510","Maglio","Santo Domingo",308,2008,"70%","Italy",3.75,"BlendForasteroCriollo","Dominican Republic","BlendForasteroCriollo"
"511","Malagasy (Chocolaterie Robert)","Sambirano 2006",184,2007,"75%","Madagascar",2.75,"Trinitario","Madagascar","Trinitario"
"512","Malagasy (Chocolaterie Robert)","Mora Mora 2006",184,2007,"73%","Madagascar",3.5,"Trinitario","Madagascar","Trinitario"
"513","Malagos","Davao, Mt. Talamo foothills",1121,2013,"65%","Philippines",3.5,"Trinitario","Philippines","Trinitario"
"514","Malie Kai (Guittard)","O'ahu, N. Shore, Waialua Estate",311,2009,"55%","U.S.A.",2.75,"Blend","Hawaii","Blend"
"515","Manufaktura Czekolady","Porcelana",1255,2014,"70%","Poland",3.75,"Criollo","Venezuela","Criollo"
"516","Manufaktura Czekolady","Grand Cru Ghana",871,2012,"70%","Poland",3.5,"Forastero","Ghana","Forastero"
"517","Map Chocolate","Ben Tre, Surprise Valley",1896,2016,"75%","U.S.A.",3.25,"Trinitario","Vietnam","Trinitario"
"518","Map Chocolate","ROIG, 2014",1474,2015,"70%","U.S.A.",3.5,"Criollo","Dominican Republic","Criollo"
"519","Map Chocolate","Maranon, 2014",1474,2015,"62%","U.S.A.",3.5,"Forastero","Peru","Forastero"
"520","Map Chocolate","Ecuador",1478,2015,"70%","U.S.A.",3.5,"Trinitario","Ecuador","Trinitario"
"521","Map Chocolate","San Juan Estate, Cherry Blossoms at Night",1606,2015,"70%","U.S.A.",2.75,"Trinitario","Trinidad","Trinitario"
"522","Map Chocolate","Tumbes, Dear Mr. Finley, 2014",1606,2015,"68%","U.S.A.",3.5,"Criollo","Peru","Criollo"
"523","Marou","Tan Phu Dong Island, Heart of Darkness",1650,2015,"85%","Vietnam",3.25,"Trinitario","Vietnam","Trinitario"
"524","Marou","Ben Tre",1650,2015,"68%","Vietnam",3.5,"Trinitario","Vietnam","Trinitario"
"525","Marou","Dak Lak, Batch 2451",1650,2015,"70%","Vietnam",3.75,"Trinitario","Vietnam","Trinitario"
"526","Marou","Tan Phu Dong, Treasure Island",1149,2013,"75%","Vietnam",3.5,"Trinitario","Vietnam","Trinitario"
"527","Marou","Ba Ria",845,2012,"76%","Vietnam",3.5,"Trinitario","Vietnam","Trinitario"
"528","Marou","Dong Nai",845,2012,"72%","Vietnam",3.5,"Trinitario","Vietnam","Trinitario"
"529","Marou","Tien Giang, Gao Co-op",845,2012,"70%","Vietnam",3.5,"Trinitario","Vietnam","Trinitario"
"530","Marou","Ben Tre",849,2012,"78%","Vietnam",3.5,"Trinitario","Vietnam","Trinitario"
"531","Marou","Tien Giang",895,2012,"80%","Vietnam",3,"Trinitario","Vietnam","Trinitario"
"532","Marou","Lam Dong",955,2012,"74%","Vietnam",3.5,"Trinitario","Vietnam","Trinitario"
"533","Mars","Ghana, prototype",544,2010,"65%","U.S.A.",3.5,"Forastero","Ghana","Forastero"
"534","Mast Brothers","French Laundry 20th Anniversary",1359,2014,"75%","U.S.A.",3.75,"Blend","Peru, Belize","Blend"
"535","Mast Brothers","Shake Shack",959,2012,"73%","U.S.A.",3.5,"Blend","Peru, Mad., Dom. Rep.","Blend"
"536","Mast Brothers","Madagascar",999,2012,"72%","U.S.A.",2.5,"Trinitario","","Trinitario"
"537","Mast Brothers","Chuao",999,2012,"73%","U.S.A.",2.75,"Trinitario","Venezuela","Trinitario"
"538","Mast Brothers","Chuao, Med. Roast",701,2011,"76%","U.S.A.",3,"Trinitario","Venezuela","Trinitario"
"539","Mast Brothers","Chuao, Dark Roast",709,2011,"70%","U.S.A.",3,"Trinitario","Venezuela","Trinitario"
"540","Mast Brothers","Chuao, Light Roast",713,2011,"81%","U.S.A.",2.75,"Trinitario","Venezuela","Trinitario"
"541","Mast Brothers","Moho River",773,2011,"70%","U.S.A.",3.5,"Trinitario","Belize","Trinitario"
"542","Mast Brothers","Patanemo",572,2010,"81%","U.S.A.",2.75,"Criollo","Venezuela","Criollo"
"543","Matale","Malekula P., 2013",1177,2013,"72%","Australia",3.5,"Trinitario","Vanuatu","Trinitario"
"544","Matale","Somia, 2013",1177,2013,"68%","Australia",4,"Trinitario","Madagascar","Trinitario"
"545","Matale","Kulili P., 2013",1177,2013,"74%","Australia",4,"Trinitario","Papua New Guinea","Trinitario"
"546","Matale","Blend",1181,2013,"70%","Australia",3.75,"Trinitario","PNG, Vanuatu, Mad","Trinitario"
"547","Maverick","Maya Mountain",1367,2014,"70%","U.S.A.",3.25,"Trinitario","Belize","Trinitario"
"548","Maverick","Tumbes",1430,2014,"82%","U.S.A.",3.25,"Criollo","Peru","Criollo"
"549","Maverick","Morropon, Norandiono Coop, Piura",1430,2014,"63%","U.S.A.",3.5,"Criollo","Peru","Criollo"
"550","Meadowlands","Belize",1287,2014,"70%","U.S.A.",3,"Trinitario","Belize","Trinitario"
"551","Menakao (aka Cinagra)","Madagascar",837,2012,"80%","Madagascar",2.5,"Trinitario","Madagascar","Trinitario"
"552","Menakao (aka Cinagra)","Madagascar",841,2012,"72%","Madagascar",2.5,"Trinitario","Madagascar","Trinitario"
"553","Metiisto","Akesson Estate",1267,2014,"72%","Sweden",3.5,"Trinitario","Madagascar","Trinitario"
"554","Metropolitan","South America",1688,2015,"70%","Amsterdam",3.5,"Trinitario","South America","Trinitario"
"555","Michel Cluizel","Carenero Superior, Concepcion",117,2007,"66%","France",3.5,"Trinitario","Venezuela","Trinitario"
"556","Michel Cluizel","Vila Gracinda",135,2007,"67%","France",3.5,"Forastero","Sao Tome","Forastero"
"557","Michel Cluizel","Tamarina",24,2006,"70%","France",3,"Forastero","Sao Tome","Forastero"
"558","Michel Cluizel","Mangaro P.",24,2006,"65%","France",4,"Trinitario","Madagascar","Trinitario"
"559","Middlebury","Maya Mountain",1490,2015,"80%","U.S.A.",3.5,"Trinitario","Belize","Trinitario"
"560","Middlebury","San Juan Estate",1490,2015,"70%","U.S.A.",3.5,"Trinitario","Trinidad","Trinitario"
"561","Middlebury","Belize",1117,2013,"80%","U.S.A.",3.25,"Trinitario","Belize","Trinitario"
"562","Middlebury","Alto Beni",887,2012,"75%","U.S.A.",2,"Criollo","Bolivia","Criollo"
"563","Middlebury","Balinese, Java",887,2012,"70%","U.S.A.",2.5,"Criollo","Indonesia","Criollo"
"564","Millcreek Cacao Roasters","Ecuador",1073,2013,"70%","U.S.A.",2.5,"Forastero","Ecuador","Forastero"
"565","Minimal","Acul-du-Nord, 2015",1920,2016,"70%","Japan",3.5,"Criollo","Haiti","Criollo"
"566","Mission","Bahia, Fazenda Venturosa",1626,2015,"70%","Brazil",3.5,"Forastero","Brazil","Forastero"
"567","Moho","Toledo District, w/ nibs",1026,2013,"73%","U.S.A.",3.25,"Trinitario","Belize","Trinitario"
"568","Moho","Toledo District",1030,2013,"72%","U.S.A.",3,"Trinitario","Belize","Trinitario"
"569","Moho","Umoho R., Toledo District, San Felipe",607,2010,"67%","U.S.A.",2.75,"Trinitario","Belize","Trinitario"
"570","Mutari","Tien Giang, batch 1 SRB",1900,2016,"80%","U.S.A.",3,"Trinitario","Vietnam","Trinitario"
"571","Naive","Maranon Canyon, Fortunato No. 4",1133,2013,"78%","Lithuania",3.75,"Forastero","Peru","Forastero"
"572","Naive","Grenada",867,2012,"71%","Lithuania",2.5,"Trinitario","Grenada","Trinitario"
"573","Na�ve","Nicaragua",1379,2014,"70%","Lithuania",3.25,"Criollo","Nicaragua","Criollo"
"574","Na�ve","Chuao",1399,2014,"75%","Lithuania",2.75,"Trinitario","Venezuela","Trinitario"
"575","Nathan Miller","Madagascar",1403,2014,"73.5%","U.S.A.",2.5,"Trinitario","Madagascar","Trinitario"
"576","Nathan Miller","Ghana",1403,2014,"70%","U.S.A.",3.5,"Forastero","Ghana","Forastero"
"577","Neuhaus (Callebaut)","Papua New Guinea",531,2010,"70%","Belgium",2.5,"Criollo","Papua New Guinea","Criollo"
"578","Neuhaus (Callebaut)","Manickchand Estate",230,2008,"67%","Belgium",3.75,"Trinitario","Trinidad","Trinitario"
"579","Neuhaus (Callebaut)","West Africa",15,2006,"73%","Belgium",2,"Forastero","West Africa","Forastero"
"580","Neuhaus (Callebaut)","Sao Tome",15,2006,"75%","Belgium",2.75,"Forastero","Sao Tome","Forastero"
"581","Neuhaus (Callebaut)","Ocumare",24,2006,"71%","Belgium",3,"Criollo","Venezuela","Criollo"
"582","Nibble","Patanemo",1526,2015,"72%","U.S.A.",2.25,"Criollo","Venezuela","Criollo"
"583","Nibble","Elvesia P.",1526,2015,"72%","U.S.A.",2.75,"Trinitario","Dominican Republic","Trinitario"
"584","Nibble","Ambanja, Sambirano Valley",1526,2015,"72%","U.S.A.",3,"Trinitario","Madagascar","Trinitario"
"585","Nibble","Tumbes",1526,2015,"72%","U.S.A.",3,"Criollo","Peru","Criollo"
"586","Noble Bean aka Jerjobo","Ghana",1295,2014,"75%","U.S.A.",3,"Forastero","Ghana","Forastero"
"587","Noble Bean aka Jerjobo","Moho Valley",1299,2014,"75%","U.S.A.",3,"Trinitario","Belize","Trinitario"
"588","Noble Bean aka Jerjobo","Maranon Canyon",1299,2014,"75%","U.S.A.",3.25,"Forastero","Peru","Forastero"
"589","Nova Monda","Punta Galera, cacao Nacional, gold label",935,2012,"80%","Nicaragua",3.25,"Forastero","Ecuador","Forastero"
"590","Nuance","Ghana, 2013",1454,2015,"70%","U.S.A.",3.75,"Forastero","Ghana","Forastero"
"591","Nuance","Ecuador, 2013",1458,2015,"70%","U.S.A.",2.75,"Trinitario","Ecuador","Trinitario"
"592","Nuance","Canoabo, 2013",1458,2015,"70%","U.S.A.",3,"Criollo","Venezuela","Criollo"
"593","Nuance","Sambirano Valley, 2012",1458,2015,"70%","U.S.A.",3.5,"Trinitario","Madagascar","Trinitario"
"594","Nugali","Fazenda Leolinda",1876,2016,"70%","Brazil",3.5,"Trinitario","Brazil","Trinitario"
"595","Oakland Chocolate Co.","Jamaica",478,2010,"70%","U.S.A.",2.5,"Trinitario","Jamaica","Trinitario"
"596","Obolo","Pangoa",1638,2015,"70%","Chile",3.75,"Criollo","Peru","Criollo"
"597","Obolo","Pangoa, w/ nibs",1638,2015,"70%","Chile",3.75,"Criollo","Peru","Criollo"
"598","Ocelot","Virunga",1558,2015,"70%","Scotland",3.75,"Forastero","Congo","Forastero"
"599","Ocelot","Piura",1558,2015,"75%","Scotland",4,"Criollo","Peru","Criollo"
"600","Ohiyo","San Juan Estate, Gran Couva",1594,2015,"70%","U.S.A.",2.75,"Trinitario","Trinidad","Trinitario"
"601","Oialla by Bojessen (Malmo)","Sylvestre, Oialla",761,2011,"70%","Germany",3.5,"Criollo","Bolivia","Criollo"
"602","Olive and Sinclair","Ghana prototype",486,2010,"72%","U.S.A.",3,"Forastero","Ghana","Forastero"
"603","Omanhene","Ghana",693,2011,"80%","Ghana",2.75,"Forastero","Ghana","Forastero"
"604","Omnom","Kakao Kamili, Kilombero Valley",1816,2016,"70%","Iceland",3.75,"Trinitario","Tanzania","Trinitario"
"605","Omnom","Madagascar",1247,2014,"66%","Iceland",3.5,"Trinitario","Madagascar","Trinitario"
"606","organicfair","Maya Mountain",1161,2013,"74%","Canada",2.75,"Trinitario","Belize","Trinitario"
"607","organicfair","Nicaraqua",1165,2013,"72%","Canada",2.75,"Trinitario","Nicaragua","Trinitario"
"608","organicfair","Mindo",1165,2013,"72%","Canada",3,"Trinitario","Ecuador","Trinitario"
"609","Original Beans (Felchlin)","Grand Cru Blend No.1, 5 yr. Anniversary Ed",1442,2014,"80%","Switzerland",3.25,"Blend"," ","Blend"
"610","Original Beans (Felchlin)","D.R. Congo, Cru Virunga",331,2009,"70%","Switzerland",3,"Forastero","Congo","Forastero"
"611","Original Beans (Felchlin)","Piura, Apotequil, ""Porcelana"" 72hr c.",341,2009,"75%","Switzerland",3,"Criollo","Peru","Criollo"
"612","Original Hawaiin Chocolate Factory","Hawai'i, Kona Grand Cru E.",316,2009,"60%","U.S.A.",3,"Criollo","Hawaii","Criollo"
"613","Pacari","Esmeraldas",224,2008,"60%","Ecuador",2.5,"Forastero","Ecuador","Forastero"
"614","Pacari","Manabi",224,2008,"65%","Ecuador",2.75,"Forastero","Ecuador","Forastero"
"615","Pacari","Los Rios",224,2008,"72%","Ecuador",3,"Forastero","Ecuador","Forastero"
"616","Pacari","Raw",266,2008,"100%","Ecuador",2,"Forastero","Ecuador","Forastero"
"617","Pacari","Raw",266,2008,"70%","Ecuador",3.5,"Forastero","Ecuador","Forastero"
"618","Palette de Bine","Maya Mtn",1720,2016,"72%","Canada",3,"Trinitario","Belize","Trinitario"
"619","Palette de Bine","San Juan Estate, Gran Couva",1570,2015,"70%","Canada",3.25,"Trinitario","Trinidad","Trinitario"
"620","Palette de Bine","Lam Dong",1574,2015,"72%","Canada",3.75,"Trinitario","Vietnam","Trinitario"
"621","Palette de Bine","Sambirano",1239,2014,"78%","Canada",3.75,"Trinitario","Madagascar","Trinitario"
"622","Palette de Bine","Duo- Gran Couva & Camino Verde",1399,2014,"75%","Canada",3.5,"Blend","Trinidad, Ecuador","Blend"
"623","Palette de Bine","Gran Couva",1399,2014,"70%","Canada",3.75,"Trinitario","Trinidad","Trinitario"
"624","Patric","Signature Blend",636,2011,"70%","U.S.A.",3.75,"Blend"," ","Blend"
"625","Patric","Madagascar",331,2009,"75%","U.S.A.",4,"Trinitario","Madagascar","Trinitario"
"626","Patric","Madagascar",439,2009,"67%","U.S.A.",3.5,"Trinitario","Madagascar","Trinitario"
"627","Patric","Rio Caribe, Paria Penninsula",439,2009,"70%","U.S.A.",3.5,"Trinitario","Venezuela","Trinitario"
"628","Patric","Madagascar",196,2007,"70%","U.S.A.",4,"Trinitario","Madagascar","Trinitario"
"629","Paul Young","Madagascar, w/ shell",1271,2014,"73%","U.K.",2.25,"Trinitario","Madagascar","Trinitario"
"630","Paul Young","Madagascar, w/ shell",1271,2014,"64%","U.K.",2.75,"Trinitario","Madagascar","Trinitario"
"631","Pierre Marcolini","Haut Penja, w/ nibs",1658,2015,"70%","Belgium",3.25,"Forastero","Cameroon","Forastero"
"632","Pierre Marcolini","Chuao",478,2010,"75%","Belgium",3,"Criollo","Venezuela","Criollo"
"633","Pierre Marcolini","Trinite",478,2010,"75%","Belgium",3.25,"Trinitario","Trinidad","Trinitario"
"634","Pierre Marcolini","Baracoa, Cuba",516,2010,"78%","Belgium",3.75,"Criollo","Cuba","Criollo"
"635","Pierre Marcolini","Peru, Las Pampas P.",531,2010,"85%","Belgium",3,"Criollo","Peru","Criollo"
"636","Pierre Marcolini","Bahia Brazil, Fazenda Sao Pedro",414,2009,"72%","Belgium",3,"Forastero","Brazil","Forastero"
"637","Pierre Marcolini","Porcelana, Tabasco, Finca La Joya",445,2009,"72%","Belgium",3,"Criollo","Mexico","Criollo"
"638","Pierre Marcolini","Cabosse",111,2007,"70%","Belgium",4,"Blend","Venezuela, Java","Blend"
"639","Pierre Marcolini","Los Rios, Puerto Romero, Equateur",129,2007,"72%","Belgium",3.75,"Forastero","Ecuador","Forastero"
"640","Pierre Marcolini","Sambirano, Ambanja, Madagascar",141,2007,"72%","Belgium",4,"Trinitario","Madagascar","Trinitario"
"641","Pierre Marcolini","Fleur de Cacao",166,2007,"85%","Belgium",3.5,"Blend","Venezuela/ Ghana","Blend"
"642","Pierre Marcolini","Porcelana, Tabasco, Limited Ed.",81,2006,"72%","Belgium",4,"Criollo","Mexico","Criollo"
"643","Pierre Marcolini","Kendem Lembu, Java",93,2006,"72%","Belgium",3,"Criollo","Indonesia","Criollo"
"644","Pierre Marcolini","Ocumare, Puerto Cabello, Venezuela",93,2006,"72%","Belgium",4,"Criollo","Venezuela","Criollo"
"645","Pitch Dark","Chuno",1510,2015,"80%","U.S.A.",2.75,"Criollo","Nicaragua","Criollo"
"646","Pitch Dark","Nicalizo",1510,2015,"80%","U.S.A.",2.75,"Trinitario","Nicaragua","Trinitario"
"647","Pitch Dark","Akesson Estate",1311,2014,"73%","U.S.A.",3.25,"Trinitario","Madagascar","Trinitario"
"648","Pitch Dark","Namau Village",1315,2014,"73%","U.S.A.",2.5,"Trinitario","Fiji","Trinitario"
"649","Pomm (aka Dead Dog)","Peru",829,2012,"82%","U.S.A.",2.75,"Criollo","Peru","Criollo"
"650","Potomac","Upala w/ nibs",647,2011,"70%","U.S.A.",3.5,"Matina","Costa Rica","Matina"
"651","Potomac","Upala, Batch 18",654,2011,"70%","U.S.A.",3,"Matina","Costa Rica","Matina"
"652","Potomac","Upala, Batch 12",607,2010,"82%","U.S.A.",3.75,"Matina","Costa Rica","Matina"
"653","Pralus","Porcelana, S. of Lake Maracaibo",717,2011,"75%","France",3.25,"Criollo","Venezuela","Criollo"
"654","Pralus","Chuao",486,2010,"75%","France",3.5,"Trinitario","Venezuela","Trinitario"
"655","Pralus","Papouasie",199,2008,"75%","France",3,"Trinitario","Papua New Guinea","Trinitario"
"656","Pralus","Sambirano Valley, Le 100%",202,2008,"100%","France",3,"Criollo","Madagascar","Criollo"
"657","Pralus","Claudio Corallo w/ nibs",162,2007,"75%","France",4,"Forastero","Sao Tome","Forastero"
"658","Pralus","Monte Alegre (Itacare), Brazil",105,2006,"75%","France",3,"Forastero","Brazil","Forastero"
"659","Pralus","Tanzania",105,2006,"75%","France",3.5,"Criollo","Tanzania","Criollo"
"660","Pralus","Sao Tome & Principe",5,2006,"75%","France",3.5,"Forastero","Sao Tome & Principe","Forastero"
"661","Pralus","Trinidad",5,2006,"75%","France",3.5,"Trinitario","Trinidad","Trinitario"
"662","Pralus","Madagascar, Nosy Be Isle.",5,2006,"75%","France",3.75,"Criollo","Madagascar","Criollo"
"663","Pralus","Java, Indonesie",32,2006,"75%","France",3.5,"Criollo","Indonesia","Criollo"
"664","Pralus","Barlovento, Venezuela",32,2006,"75%","France",3.5,"Trinitario","Venezuela","Trinitario"
"665","Pralus","Jamaique",32,2006,"75%","France",4,"Trinitario","Jamaica","Trinitario"
"666","Pralus","Equateur",40,2006,"75%","France",3,"Trinitario","Ecuador","Trinitario"
"667","Pralus","Vanuatu",40,2006,"75%","France",3,"Trinitario","Vanuatu","Trinitario"
"668","Pralus","Ghana",40,2006,"75%","France",3.25,"Forastero","Ghana","Forastero"
"669","Pralus","Colombie",40,2006,"75%","France",3.5,"Trinitario","Colombia","Trinitario"
"670","Pralus","Fortissima",93,2006,"80%","France",4,"Criollo","Ecuador","Criollo"
"671","Pralus","Cuba",99,2006,"75%","France",3,"Trinitario","Cuba","Trinitario"
"672","Pralus","Caracas, Venezuela and Ghana",99,2006,"75%","France",3,"Trinitario","Venezuela, Ghana","Trinitario"
"673","Pralus","Djakarta, Java and Ghana",99,2006,"75%","France",3.5,"Criollo","Indonesia, Ghana","Criollo"
"674","Pump Street Bakery","Crayfish Bay Estate, 2014",1502,2015,"70%","U.K.",3.5,"Trinitario","Grenada","Trinitario"
"675","Pump Street Bakery","Akesson's, batch 4411",1530,2015,"74%","U.K.",3.5,"Criollo","Madagascar","Criollo"
"676","Pump Street Bakery","Patanemo Vil., Carabobo State, Tisano family",1223,2014,"75%","U.K.",2.75,"Trinitario","Venezuela","Trinitario"
"677","Pump Street Bakery","Guantupi River",1223,2014,"75%","U.K.",3,"Forastero","Ecuador","Forastero"
"678","Pump Street Bakery","Akessons Estate, Sambirano, Ambanja",1223,2014,"72%","U.K.",3.25,"Trinitario","Madagascar","Trinitario"
"679","Pump Street Bakery","Guantupi River",1227,2014,"85%","U.K.",2.75,"Forastero","Ecuador","Forastero"
"680","Quetzalli (Wolter)","Mexico, Lot 28022016",1796,2016,"70%","Mexico",2.75,"Criollo","Mexico","Criollo"
"681","Quetzalli (Wolter)","Uranga, Lot 22032016",1800,2016,"74%","Mexico",3,"Trinitario","Mexico","Trinitario"
"682","Raaka","Virunga",1708,2015,"75%","U.S.A.",2.75,"Forastero","Congo","Forastero"
"683","Raaka","Madagascar",959,2012,"75%","U.S.A.",3.25,"Trinitario","Madagascar","Trinitario"
"684","Rancho San Jacinto","Ecuador",565,2010,"75%","Eucador",3,"ForasteroArriba","Ecuador","ForasteroArriba"
"685","Ranger","Tumbes, Batch 2",1562,2015,"73%","U.S.A.",3.5,"Criollo","Peru","Criollo"
"686","Raoul Boulanger","Piura",1872,2016,"75%","France",3.25,"Criollo","Peru","Criollo"
"687","Raw Cocoa","Raw",867,2012,"70%","Poland",2.5,"Criollo"," ","Criollo"
"688","Republica del Cacao (aka Confecta)","Los Rios, Vinces",439,2009,"75%","Ecuador",2.5,"Forastero","Ecuador","Forastero"
"689","Republica del Cacao (aka Confecta)","Manabi",147,2007,"75%","Ecuador",3,"Forastero","Ecuador","Forastero"
"690","Republica del Cacao (aka Confecta)","El Oro",147,2007,"67%","Ecuador",3.5,"Forastero","Ecuador","Forastero"
"691","Republica del Cacao (aka Confecta)","Los Rios",170,2007,"75%","Ecuador",3.75,"Forastero","Ecuador","Forastero"
"692","Ritual","Mid Mountain, 2014",1466,2015,"70%","U.S.A.",3.5,"Blend"," ","Blend"
"693","Ritual","Toledo District, Maya",1089,2013,"75%","U.S.A.",3.75,"Trinitario","Belize","Trinitario"
"694","Ritual","Maranon, Cajamarca",1181,2013,"75%","U.S.A.",3,"Forastero","Peru","Forastero"
"695","Ritual","Sambirano",891,2012,"75%","U.S.A.",4,"Trinitario","Madagascar","Trinitario"
"696","Ritual","Camino Verde P., 2012, Balao, Guayas",967,2012,"75%","U.S.A.",3.25,"Nacional","Ecuador","Nacional"
"697","Ritual","Gran Couva",979,2012,"75%","U.S.A.",3.5,"Trinitario","Trinidad","Trinitario"
"698","Robert (aka Chocolaterie Robert)","Madagascar",1061,2013,"75%","Madagascar",3.25,"Trinitario","Madagascar","Trinitario"
"699","Robert (aka Chocolaterie Robert)","Madagascar w/ nibs",1061,2013,"68%","Madagascar",3.25,"Trinitario","Madagascar","Trinitario"
"700","Rococo (Grenada Chocolate Co.)","Gru Grococo, St. Andrews",923,2012,"66%","U.K.",3.5,"Trinitario","Grenada","Trinitario"
"701","Rogue","Porcelana",1209,2014,"80%","U.S.A.",3.75,"Criollo","Venezuela","Criollo"
"702","Rogue","Akessons Estate, Sambirano, 2013",1038,2013,"70%","U.S.A.",3.5,"Trinitario","Madagascar","Trinitario"
"703","Rogue","Bachelor's Hall E., St. Thomas Parish",1193,2013,"75%","U.S.A.",3.75,"Trinitario","Jamaica","Trinitario"
"704","Rogue","Camino Verde P., Balao, Guayas",979,2012,"75%","U.S.A.",3.75,"Nacional","Ecuador","Nacional"
"705","Rogue","Silvestre, Batch 1, 2011",793,2011,"75%","U.S.A.",3,"Criollo","Bolivia","Criollo"
"706","Rogue","Rio Caribe",327,2009,"70%","U.S.A.",3.5,"Trinitario","Venezuela","Trinitario"
"707","Rogue","Jamaica",213,2008,"70%","U.S.A.",2.75,"Trinitario","Jamaica","Trinitario"
"708","Rogue","Sambirano, 2008",213,2008,"70%","U.S.A.",2.75,"Trinitario","Madagascar","Trinitario"
"709","Rogue","Trinidad",213,2008,"70%","U.S.A.",3,"Trinitario","Trinidad","Trinitario"
"710","Rozsavolgyi","Rio Caribe Superior, Paria Penninsula",871,2012,"76%","Hungary",2.25,"Trinitario","Venezuela","Trinitario"
"711","Rozsavolgyi","Sambirano, Akesson Estate",871,2012,"72%","Hungary",2.5,"Trinitario","Madagascar","Trinitario"
"712","Rozsavolgyi","Carenero Superior",713,2011,"73%","Hungary",3.5,"Criollo","Venezuela","Criollo"
"713","Rozsavolgyi","Principe",765,2011,"77%","Hungary",2.75,"Forastero","Principe","Forastero"
"714","S.A.I.D.","Malgascio",607,2010,"64%","Italy",3.5,"Trinitario","Madagascar","Trinitario"
"715","Salgado","Bahia Superior",288,2008,"70%","Argentina",3.5,"Forastero","Brazil","Forastero"
"716","Salgado","Esmeraldas",288,2008,"70%","Argentina",3.5,"Forastero","Ecuador","Forastero"
"717","Salgado","Carenero Superior",288,2008,"70%","Argentina",3.5,"Trinitario","Venezuela","Trinitario"
"718","Salgado","Rio Arriba",292,2008,"70%","Argentina",3.5,"Forastero","Ecuador","Forastero"
"719","Santander (Compania Nacional)","Colombian 2008",404,2009,"75%","Colombia",2.75,"Forastero","Colombia","Forastero"
"720","Santander (Compania Nacional)","Colombian w/ nibs",414,2009,"70%","Colombia",3,"Forastero","Colombia","Forastero"
"721","Santander (Compania Nacional)","Colombian Semi Dark",32,2006,"53%","Colombia",2,"Forastero","Colombia","Forastero"
"722","Santander (Compania Nacional)","Colombian",32,2006,"65%","Colombia",3,"Forastero","Colombia","Forastero"
"723","Santander (Compania Nacional)","Colombian Dark",32,2006,"70%","Colombia",4,"Forastero","Colombia","Forastero"
"724","Santome","Sao Tome",761,2011,"70%","France",2.75,"Forastero","Sao Tome","Forastero"
"725","Scharffen Berger","Camahogne",464,2010,"68%","U.S.A.",3.5,"Trinitario","Grenada","Trinitario"
"726","Scharffen Berger","Amina",464,2010,"65%","U.S.A.",3.75,"Trinitario","Madagascar","Trinitario"
"727","Scharffen Berger","Asante",336,2009,"65%","U.S.A.",4,"Forastero","Ghana","Forastero"
"728","Scharffen Berger","Ben Tre",445,2009,"72%","U.S.A.",3.75,"Trinitario","Vietnam","Trinitario"
"729","Scharffen Berger","Finisterra",227,2008,"72%","U.S.A.",3,"Blend","Ven., Trinidad, Mad.","Blend"
"730","Scharffen Berger","Las Islas",117,2007,"72%","U.S.A.",3,"Blend","Carribean(DR/Jam/Tri)","Blend"
"731","Scharffen Berger","Antilles (Trin/Gren/DR/Ven)",188,2007,"75%","U.S.A.",3,"Blend","Carribean","Blend"
"732","Scharffen Berger","Bittersweet",15,2006,"70%","U.S.A.",3.5,"Blend"," ","Blend"
"733","Scharffen Berger","Kumasi Sambirano",40,2006,"68%","U.S.A.",2,"Blend","Ghana & Madagascar","Blend"
"734","Scharffen Berger","Jamaica a l'ancienne",56,2006,"70%","U.S.A.",2,"Trinitario","Jamaica","Trinitario"
"735","Scharffen Berger","Semisweet",56,2006,"62%","U.S.A.",3,"Blend"," ","Blend"
"736","Shark Mountain","Jamaica",1450,2015,"72%","U.S.A.",3.25,"Trinitario","Jamaica","Trinitario"
"737","Shark Mountain","Papua New Guinea",1450,2015,"73%","U.S.A.",3.5,"Forastero","Papua New Guinea","Forastero"
"738","Shark Mountain","Cuyagua",1466,2015,"77%","U.S.A.",2.75,"Criollo","Venezuela","Criollo"
"739","Shark Mountain","ROIG",1466,2015,"74%","U.S.A.",3.5,"Criollo","Dominican Republic","Criollo"
"740","Shark Mountain","Ecuador",1335,2014,"75%","U.S.A.",3,"Trinitario","Ecuador","Trinitario"
"741","Shark Mountain","Belize, 2013",1335,2014,"72%","U.S.A.",3.25,"Criollo","Belize","Criollo"
"742","Shattell","Porcelana",757,2011,"75%","Peru",3.5,"Criollo","Peru","Criollo"
"743","Silvio Bessone","Maya Belize",717,2011,"67%","Italy",3,"Criollo","Belize","Criollo"
"744","Silvio Bessone","Trintade, Sao Tome",725,2011,"65%","Italy",3.25,"Forastero","Sao Tome","Forastero"
"745","Silvio Bessone","Bahia, Scavina",729,2011,"60%","Italy",3.25,"Trinitario","Brazil","Trinitario"
"746","Silvio Bessone","Porcelana, Colombia, Amazonas",741,2011,"68%","Italy",3,"Criollo","Colombia","Criollo"
"747","Sirene","Somia Plantation, 2012",1502,2015,"100%","Canada",3,"Trinitario","Madagascar","Trinitario"
"748","Sirene","Somia Plantation, 2012",1339,2014,"67%","Canada",3.75,"Trinitario","Madagascar","Trinitario"
"749","Sirene","Somia Plantation, 2012",1339,2014,"73%","Canada",3.75,"Trinitario","Madagascar","Trinitario"
"750","Sjolinds","Ghana",1454,2015,"70%","U.S.A.",2.75,"Forastero","Ghana","Forastero"
"751","Smooth Chocolator, The","Guasare, La Sierra de Perija, batch gua001",1740,2016,"70%","Australia",3.75,"Criollo","Venezuela","Criollo"
"752","Smooth Chocolator, The","Porcelana, Sorotaima,Machiques,batch pcl001",1740,2016,"70%","Australia",4,"Criollo","Ecuador","Criollo"
"753","Smooth Chocolator, The","Tien Giang",1864,2016,"70%","Australia",3,"Trinitario","Vietnam","Trinitario"
"754","Smooth Chocolator, The","Akesson's Estate",1618,2015,"65%","Australia",3.25,"Trinitario","Madagascar","Trinitario"
"755","Smooth Chocolator, The","Akesson's Estate",1622,2015,"70%","Australia",3.5,"Trinitario","Madagascar","Trinitario"
"756","Smooth Chocolator, The","San Juan Estate",1622,2015,"70%","Australia",3.75,"Trinitario","Trinidad","Trinitario"
"757","Smooth Chocolator, The","Maranon, batch 2",1666,2015,"67%","Australia",3,"Forastero","Peru","Forastero"
"758","Smooth Chocolator, The","Chuao, batch 3",1666,2015,"70%","Australia",3.75,"Trinitario","Venezuela","Trinitario"
"759","Snake & Butterfly","Ghana",693,2011,"67%","U.S.A.",1.5,"Forastero","Ghana","Forastero"
"760","Snake & Butterfly","Madagascar",502,2010,"68%","U.S.A.",3,"Trinitario","Madagascar","Trinitario"
"761","Sol Cacao","Madagascar",1518,2015,"72%","U.S.A.",3,"Trinitario","Madagascar","Trinitario"
"762","Solkiki","Maranon, Fortunato No. 4",1840,2016,"68%","U.K.",2.75,"Forastero","Peru","Forastero"
"763","Solstice","Bundibugyo",1335,2014,"70%","U.S.A.",3,"Forastero","Uganda","Forastero"
"764","Solstice","Sambirano",1157,2013,"70%","U.S.A.",3,"Trinitario","Madagascar","Trinitario"
"765","Solstice","Wasatch",1161,2013,"70%","U.S.A.",3.5,"Blend"," ","Blend"
"766","Soma","Sambirano Valley, Black Science, B-60307.0",1820,2016,"70%","Canada",3.5,"Trinitario","Madagascar","Trinitario"
"767","Soma","Bahia Black, batch bra50722.1",1828,2016,"70%","Canada",3.5,"Forastero","Brazil","Forastero"
"768","Soma","Chuno, San Jose de Bocay, Pantasma R.,B.S.",1828,2016,"70%","Canada",3.75,"Trinitario","Nicaragua","Trinitario"
"769","Soma","Tien Giang, Black S., batch VIT60420.0",1828,2016,"70%","Canada",4,"Trinitario","Vietnam","Trinitario"
"770","Soma","CSB Chama",1594,2015,"70%","Canada",3.5,"Criollo","Venezuela","Criollo"
"771","Soma","Maranon Canyon",1259,2014,"70%","Canada",3.75,"Forastero","Peru","Forastero"
"772","Soma","La Dalia",1307,2014,"70%","Canada",3.25,"Trinitario","Nicaragua","Trinitario"
"773","Soma","Camino Verde P., Balao, Guayas",1307,2014,"80%","Canada",3.5,"Forastero","Ecuador","Forastero"
"774","Soma","Espiritu Santo, 'Smoke Monster'",1307,2014,"70%","Canada",3.75,"Forastero","Vanuatu","Forastero"
"775","Soma","Little Big Man",1339,2014,"70%","Canada",3.25,"Blend","Madagascar & Ecuador","Blend"
"776","Soma","Rizek Cacao, Domin. Rep.",1019,2013,"77%","Canada",3.75,"Trinitario","Dominican Republic","Trinitario"
"777","Soma","Java",1030,2013,"70%","Canada",3.25,"Criollo","Indonesia","Criollo"
"778","Soma","Apurimac, El Quinacho Co-op",1073,2013,"70%","Canada",2.75,"Criollo","Peru","Criollo"
"779","Soma","Sangre Grande P., Trinidad",1073,2013,"70%","Canada",3.75,"Trinitario","Trinidad","Trinitario"
"780","Soma","Patanemo",1077,2013,"70%","Canada",3.75,"Criollo","Venezuela","Criollo"
"781","Soma","Maracaibo, El Vigia",1077,2013,"70%","Canada",4,"Criollo","Venezuela","Criollo"
"782","Soma","Orinoco",1173,2013,"70%","Canada",3.25,"Forastero","Venezuela","Forastero"
"783","Soma","Bachelor's Hall E., St. Thomas Parish",1177,2013,"70%","Canada",4,"Trinitario","Jamaica","Trinitario"
"784","Soma","Dual Origins, Sambirano, Elvesia",867,2012,"70%","Canada",4,"Blend","Dom. Rep., Madagascar","Blend"
"785","Soma","Dancing in Your Head, 5 bean blend",867,2012,"70%","Canada",4,"Blend","Gre., PNG, Haw., Haiti, Mad","Blend"
"786","Soma","Cahabon Region",951,2012,"70%","Canada",3.5,"Trinitario","Guatemala","Trinitario"
"787","Soma","Carenero Superior",951,2012,"70%","Canada",3.75,"Trinitario","Venezuela","Trinitario"
"788","Soma","Eastern Promises",967,2012,"70%","Canada",3.5,"Blend","Mad., Java, PNG","Blend"
"789","Soma","Papua New Guinea",983,2012,"85%","Canada",3.5,"Trinitario","Papua New Guinea","Trinitario"
"790","Soma","Grenada, Black Science",676,2011,"70%","Canada",2.75,"Trinitario","Grenada","Trinitario"
"791","Soma","Alto Beni, Wild Bolivian",676,2011,"70%","Canada",3.5,"Nacional","Bolivia","Nacional"
"792","Soma","Elvesia P., Black Science",682,2011,"70%","Canada",3.75,"Forastero","Dominican Republic","Forastero"
"793","Soma","Chuao",688,2011,"70%","Canada",3.5,"Criollo","Venezuela","Criollo"
"794","Soma","Black Science Blend 1",607,2010,"70%","Canada",3.75,"Trinitario","DR, Ecuador, Peru","Trinitario"
"795","Soma","Hispaniola",377,2009,"70%","Canada",3,"Forastero","Dominican Republic","Forastero"
"796","Soma","Africa",377,2009,"70%","Canada",3.5,"Forastero","Ghana","Forastero"
"797","Soma","Conacado",387,2009,"70%","Canada",3,"Trinitario","Dominican Republic","Trinitario"
"798","Soma","Papua New Guinea",387,2009,"70%","Canada",3.5,"Trinitario","Papua New Guinea","Trinitario"
"799","Soma","Madagascar",387,2009,"70%","Canada",3.75,"Criollo","Madagascar","Criollo"
"800","Soma","Ocumare",387,2009,"70%","Canada",3.75,"Criollo","Venezuela","Criollo"
"801","Spencer","Malekula Island",1434,2014,"72%","Australia",2.75,"Trinitario","Vanuatu","Trinitario"
"802","Sprungli (Felchlin)","Alto Beni",1057,2013,"70%","Switzerland",3,"Criollo","Bolivia","Criollo"
"803","Starchild","Bolivar, Arriba",1634,2015,"70%","U.S.A.",3,"Forastero","Ecuador","Forastero"
"804","Starchild","Rio Tuma",1692,2015,"70%","U.S.A.",3,"Trinitario","Nicaragua","Trinitario"
"805","Starchild","Sambirano Valley",1696,2015,"70%","U.S.A.",3,"Trinitario","Madagascar","Trinitario"
"806","Stella (aka Bernrain)","Bahia, Agri-Forestal Plantation, 2010",859,2012,"68%","Switzerland",2.75,"Trinitario","Brazil","Trinitario"
"807","Sublime Origins","Sambirano",1157,2013,"67%","U.S.A.",2.75,"Trinitario","Madagascar","Trinitario"
"808","Sublime Origins","Moho Valley",1157,2013,"78%","U.S.A.",3.25,"Trinitario","Belize","Trinitario"
"809","Summerbird","Peru",1800,2016,"61%","Denmark",2.5,"Criollo","Peru","Criollo"
"810","Summerbird","Peru",1800,2016,"71%","Denmark",3,"Criollo","Peru","Criollo"
"811","Svenska Kakaobolaget","Sri Lanka",1618,2015,"70%","Sweden",2.75,"Criollo","Sri Lanka","Criollo"
"812","Szanto Tibor","Baracoa",1704,2015,"88%","Hungary",3.25,"Trinitario","Cuba","Trinitario"
"813","Szanto Tibor","Ambolikapiky",1704,2015,"70%","Hungary",3.25,"Trinitario","Madagascar","Trinitario"
"814","Szanto Tibor","Winak, Sumaco",1704,2015,"70%","Hungary",3.75,"Forastero","Ecuador","Forastero"
"815","Szanto Tibor","Ben Tre, Mekong Delta",1708,2015,"70%","Hungary",3.25,"Trinitario","Vietnam","Trinitario"
"816","Szanto Tibor","Fazenda Sempre Firme, Bahia",1708,2015,"70%","Hungary",3.5,"Forastero","Brazil","Forastero"
"817","Szanto Tibor","Porcelana",1263,2014,"70%","Hungary",3.5,"Criollo","Venezuela","Criollo"
"818","Szanto Tibor","Baracoa",1263,2014,"70%","Hungary",3.75,"Trinitario","Cuba","Trinitario"
"819","Szanto Tibor","Autumn, Primary Harvest, 2012",1185,2013,"70%","Hungary",3.5,"Criollo","Madagascar","Criollo"
"820","Szanto Tibor","Spring, Secondary Harvest, 2012",1185,2013,"70%","Hungary",3.5,"Criollo","Madagascar","Criollo"
"821","Tablette (aka Vanillabeans)","Vietnam",1450,2015,"60%","Japan",3.25,"Trinitario","Vietnam","Trinitario"
"822","Tablette (aka Vanillabeans)","Trinidad",1680,2015,"77%","Japan",2.75,"Trinitario","Trinidad","Trinitario"
"823","Tan Ban Skrati","Paramaribo, batch 20160043-01",1868,2016,"70%","Suriname",3.25,"Trinitario","Suriname","Trinitario"
"824","Taza","Belize",1271,2014,"68%","U.S.A.",3,"Trinitario","Belize","Trinitario"
"825","TCHO","West Africa",1716,2016,"62%","U.S.A.",2,"Forastero","West Africa","Forastero"
"826","TCHO","Chocolatey-beta",199,2008,"70%","U.S.A.",2.5,"Forastero","Ghana","Forastero"
"827","Tejas","Bayou Blend",801,2012,"70%","U.S.A.",3,"Blend","Ecuador, Mad., PNG","Blend"
"828","Tejas","Bahia, Floresta Azul,Good Friends Reserve#3",971,2012,"70%","U.S.A.",3.5,"Forastero","Brazil","Forastero"
"829","Terroir","Belize",1478,2015,"70%","U.S.A.",3.75,"Trinitario","Belize","Trinitario"
"830","Terroir","Madagascar",1478,2015,"70%","U.S.A.",3.75,"Trinitario","Madagascar","Trinitario"
"831","Terroir","Guatemala",1558,2015,"70%","U.S.A.",3.75,"Trinitario","Guatemala","Trinitario"
"832","Terroir","Madagascar",1323,2014,"67%","U.S.A.",3.75,"Trinitario","Madagascar","Trinitario"
"833","Terroir","Uganda",1323,2014,"73%","U.S.A.",3.75,"Forastero","Uganda","Forastero"
"834","Theo","Congo w/ nibs",903,2012,"65%","U.S.A.",3.25,"Forastero","Congo","Forastero"
"835","Theo","Madagascar",162,2007,"65%","U.S.A.",3.5,"Trinitario","Madagascar","Trinitario"
"836","Theo","Ghana, Kumasi",184,2007,"84%","U.S.A.",3,"Forastero","Ghana","Forastero"
"837","Theo","Venezuela; Barinos, Merida, Tachron",188,2007,"91%","U.S.A.",2,"Blend","Venezuela","Blend"
"838","Theo","Ghana, Panama, Ecuador",188,2007,"75%","U.S.A.",3,"Blend","Ghana, Panama, Ecuador","Blend"
"839","Timo A. Meyer","Belize, med roast",1836,2016,"72%","Germany",3.75,"Trinitario","Belize","Trinitario"
"840","To'ak (Ecuatoriana)","Manabi",1418,2014,"81%","Ecuador",3.25,"Forastero","Ecuador","Forastero"
"841","Tobago Estate (Pralus)","Roxborough, Tobago",895,2012,"70%","France",4,"Trinitario","Tobago","Trinitario"
"842","Tocoti","Wild Bolivian, Jungle Love",927,2012,"77%","U.S.A.",3,"Criollo","Bolivia","Criollo"
"843","twenty-four blackbirds","Madagascar",1235,2014,"75%","U.S.A.",3.5,"Trinitario","Madagascar","Trinitario"
"844","Two Ravens","Peru",1740,2016,"60%","U.S.A.",3,"Criollo","Peru","Criollo"
"845","Upchurch","Madagascar, Sassy Bar",1752,2016,"72%","U.S.A.",3,"Trinitario","Madagascar","Trinitario"
"846","Urzi","Sur del Lago, Merida",1327,2014,"65%","Italy",3.25,"Trinitario","Venezuela","Trinitario"
"847","Valrhona","Porcelana, Pedegral",757,2011,"64%","France",4,"Criollo","Venezuela","Criollo"
"848","Valrhona","Nyangbo",395,2009,"68%","France",3.5,"Forastero","Ghana","Forastero"
"849","Valrhona","Araguani",117,2007,"72%","France",3,"Blend","Venezuela, Carribean","Blend"
"850","Valrhona","Chuao 2002 P.",129,2007,"65%","France",3.75,"Trinitario","Venezuela","Trinitario"
"851","Valrhona","Manjari",129,2007,"64%","France",4,"Criollo","Madagascar","Criollo"
"852","Valrhona","Abinao",153,2007,"85%","France",2.5,"Forastero","West Africa","Forastero"
"853","Valrhona","Le Noir Amer",157,2007,"71%","France",2.75,"Forastero","West Africa","Forastero"
"854","Valrhona","Porcelana, Maracaibo, Palmira P. 2006",162,2007,"64%","France",3.25,"Criollo","Venezuela","Criollo"
"855","Valrhona","Caraibe",63,2006,"66%","France",3,"Trinitario","Carribean","Trinitario"
"856","Valrhona","Guanaja",63,2006,"70%","France",4,"Criollo","South America","Criollo"
"857","Valrhona","Gran Couva 2005 P.",75,2006,"64%","France",2.5,"Trinitario","Trinidad","Trinitario"
"858","Valrhona","Porcelana, Maracaibo, Palmira P. 2005",75,2006,"64%","France",3,"Criollo","Venezuela","Criollo"
"859","Valrhona","Sambirano, Ampamakia 2005, Millot P.",75,2006,"64%","France",3.5,"Trinitario","Madagascar","Trinitario"
"860","Vanleer (Barry Callebaut)","Manhattan",963,2012,"72%","U.S.A.",2.5,"Forastero","Ghana","Forastero"
"861","Vanleer (Barry Callebaut)","Napa",963,2012,"65%","U.S.A.",2.75,"Forastero","Ghana","Forastero"
"862","Vao Vao (Chocolaterie Robert)","Madagascar",404,2009,"72%","Madagascar",2.75,"Trinitario","Madagascar","Trinitario"
"863","Vao Vao (Chocolaterie Robert)","Madagascar",404,2009,"76%","Madagascar",2.75,"Trinitario","Madagascar","Trinitario"
"864","Vao Vao (Chocolaterie Robert)","Madagascar",404,2009,"80%","Madagascar",2.75,"Trinitario","Madagascar","Trinitario"
"865","Vao Vao (Chocolaterie Robert)","Madagascar",404,2009,"70%","Madagascar",3,"Trinitario","Madagascar","Trinitario"
"866","Vao Vao (Chocolaterie Robert)","Madagascar w/ nibs",404,2009,"68%","Madagascar",3,"Trinitario","Madagascar","Trinitario"
"867","Vao Vao (Chocolaterie Robert)","Madagascar",404,2009,"64%","Madagascar",3.25,"Trinitario","Madagascar","Trinitario"
"868","Videri","Trinidad",1211,2014,"75%","U.S.A.",3.5,"Trinitario","Trinidad","Trinitario"
"869","Vietcacao (A. Morin)","Ben Tre, Mekong Delta, MoCay",951,2012,"70%","France",3.5,"Trinitario","Vietnam","Trinitario"
"870","Vintage Plantations (Tulicorp)","Los Rios, Rancho Grande 2004/2007",153,2007,"100%","U.S.A.",2,"Forastero","Ecuador","Forastero"
"871","Vintage Plantations (Tulicorp)","Los Rios, Rancho Grande 2004/2007",153,2007,"90%","U.S.A.",2,"Forastero","Ecuador","Forastero"
"872","Vintage Plantations (Tulicorp)","Los Rios, Rancho Grande 2004/2007",153,2007,"75%","U.S.A.",3,"Forastero","Ecuador","Forastero"
"873","Vintage Plantations (Tulicorp)","Los Rios, Rancho Grande 2007",153,2007,"65%","U.S.A.",3,"Forastero","Ecuador","Forastero"
"874","Violet Sky","Sambirano Valley",1458,2015,"77%","U.S.A.",2.75,"Trinitario","Madagascar","Trinitario"
"875","Violet Sky","Moho River Valley",1458,2015,"77%","U.S.A.",3,"Criollo","Belize","Criollo"
"876","Violet Sky","Cuyagua",1458,2015,"77%","U.S.A.",3,"Criollo","Venezuela","Criollo"
"877","Violet Sky","Peru",1458,2015,"77%","U.S.A.",3.25,"Criollo","Peru","Criollo"
"878","Violet Sky","Cahabon",1502,2015,"77%","U.S.A.",2.75,"Trinitario","Guatemala","Trinitario"
"879","Wellington Chocolate Factory","Conacado",1756,2016,"70%","New Zealand",3.5,"Trinitario","Dominican Republic","Trinitario"
"880","Whittakers","Ghana",733,2011,"72%","New Zealand",2.5,"Forastero","Ghana","Forastero"
"881","Wilkie's Organic","Amazonas",1169,2013,"75%","Ireland",2.5,"Criollo","Peru","Criollo"
"882","Wilkie's Organic","Amazonas",1169,2013,"89%","Ireland",2.75,"Criollo","Peru","Criollo"
"883","Wilkie's Organic","Tumbes",1169,2013,"75%","Ireland",3.25,"Criollo","Peru","Criollo"
"884","Wilkie's Organic","Amazonas w/ nibs",1173,2013,"75%","Ireland",2.75,"Criollo","Peru","Criollo"
"885","Willie's Cacao","Los Llanos",1227,2014,"88%","U.K.",3,"Trinitario","Colombia","Trinitario"
"886","Willie's Cacao","Sambirano",593,2010,"71%","U.K.",3,"Trinitario","Madagascar","Trinitario"
"887","Willie's Cacao","Rio Caribe",457,2009,"72%","U.K.",3.25,"Trinitario","Venezuela","Trinitario"
"888","Wm","Guasare, Zulia Prov., 2015, batch 124",1912,2016,"74%","U.S.A.",3,"Criollo","Venezuela","Criollo"
"889","Woodblock","Maranon, Cajamarca",1243,2014,"70%","U.S.A.",3,"Forastero","Peru","Forastero"
"890","Woodblock","Gran Couva",1042,2013,"70%","U.S.A.",3.5,"Trinitario","Trinidad","Trinitario"
"891","Woodblock","Sambirano",951,2012,"70%","U.S.A.",3.25,"Trinitario","Madagascar","Trinitario"
"892","Zak's","Madagascar, Batch 2",1578,2015,"70%","U.S.A.",3.25,"Trinitario","Madagascar","Trinitario"
"893","Zak's","Belize, Batch 2",1578,2015,"70%","U.S.A.",3.5,"Trinitario","Belize","Trinitario"
"894","Zart Pralinen","Millot P., Ambanja",1820,2016,"70%","Austria",3.5,"Criollo","Madagascar","Criollo"
"895","Zart Pralinen","UNOCACE",1824,2016,"70%","Austria",2.75,"Nacional","Ecuador","Nacional"
"896","Zart Pralinen","San Juan Estate",1824,2016,"85%","Austria",2.75,"Trinitario","Trinidad","Trinitario"
"897","Zart Pralinen","Kakao Kamili, Kilombero Valley",1824,2016,"85%","Austria",3,"Criollo","Tanzania","Criollo"
"898","Zart Pralinen","Kakao Kamili, Kilombero Valley",1824,2016,"70%","Austria",3.5,"Criollo","Tanzania","Criollo"
"899","Zart Pralinen","San Juan Estate, Gran Couva",1880,2016,"78%","Austria",3.5,"Trinitario","Trinidad","Trinitario"
"900","Zokoko","Tokiala",701,2011,"66%","Australia",3.5,"Trinitario","Papua New Guinea","Trinitario"
"901","Zotter","Satipo Pangoa region, 16hr conche",875,2012,"70%","Austria",3,"Criollo","Peru","Criollo"
"902","Zotter","Satipo Pangoa region, 20hr conche",875,2012,"70%","Austria",3.5,"Criollo","Peru","Criollo"
"903","Zotter","El Oro",879,2012,"75%","Austria",3,"Forastero","Ecuador","Forastero"
"904","Zotter","Huiwani Coop",879,2012,"75%","Austria",3,"Criollo","Papua New Guinea","Criollo"
"905","Zotter","Kongo, Highlands",883,2012,"68%","Austria",3.25,"Forastero","Congo","Forastero"
"906","Zotter","Congo",749,2011,"65%","Austria",3,"Forastero","Congo","Forastero"
"907","Zotter","Kerala State",749,2011,"65%","Austria",3.5,"Forastero","India","Forastero"
